family,map,config,instance,alg,expanded,cost,optimal,time_ms,status,mvc,exp_over_mvc
crossover,plant01,w020,10,astar,356960,87.157000,87.157000,1590.169,ok,233915.0,1.5260244105764915
crossover,plant01,w020,10,rastar,387622,87.157000,87.157000,1831.366,ok,233915.0,1.6571062137956094
crossover,plant01,w020,10,mm,0,0,87.157000,90000.000,timeout,233915.0,0.0
crossover,plant01,w020,10,bia,551723,87.157000,87.157000,4972.973,ok,233915.0,2.3586473719085994
crossover,plant01,w020,10,bae,172530,87.157000,87.157000,1495.153,ok,233915.0,0.7375756150738516
crossover,plant01,w020,10,nbs,227662,87.157000,87.157000,1048.314,ok,233915.0,0.9732680674604023
crossover,plant01,w020,11,astar,188994,65.069610,65.069600,826.881,ok,112233.0,1.6839432252546043
crossover,plant01,w020,11,rastar,304376,65.069610,65.069600,1633.027,ok,112233.0,2.712000926643679
crossover,plant01,w020,11,mm,0,0,65.069600,90000.000,timeout,112233.0,0.0
crossover,plant01,w020,11,bia,290653,65.069610,65.069600,2715.582,ok,112233.0,2.5897285112221895
crossover,plant01,w020,11,bae,86134,65.069610,65.069600,754.410,ok,112233.0,0.7674569868042376
crossover,plant01,w020,11,nbs,108430,65.069610,65.069600,396.816,ok,112233.0,0.9661151354770878
crossover,plant01,w020,12,astar,803524,99.714755,99.714800,5087.794,ok,416106.0,1.9310560289926124
crossover,plant01,w020,12,rastar,701811,99.714755,99.714800,4568.317,ok,416106.0,1.6866159103689926
crossover,plant01,w020,12,mm,0,0,99.714800,90000.000,timeout,416106.0,0.0
crossover,plant01,w020,12,bia,1073548,99.714755,99.714800,11604.088,ok,416106.0,2.5799868302788234
crossover,plant01,w020,12,bae,301105,99.714755,99.714800,2891.902,ok,416106.0,0.7236257107563938
crossover,plant01,w020,12,nbs,403330,99.714755,99.714800,2213.144,ok,416106.0,0.9692962850812052
crossover,plant01,w020,13,astar,987280,101.575342,101.575000,6078.093,ok,439994.0,2.2438487797560875
crossover,plant01,w020,13,rastar,656138,101.575342,101.575000,3544.376,ok,439994.0,1.4912430624053965
crossover,plant01,w020,13,mm,0,0,101.575000,90000.000,timeout,439994.0,0.0
crossover,plant01,w020,13,bia,965278,101.575342,101.575000,10023.712,ok,439994.0,2.1938435524120785
crossover,plant01,w020,13,bae,367789,101.575342,101.575000,4147.204,ok,439994.0,0.8358954894839475
crossover,plant01,w020,13,nbs,444404,101.575342,101.575000,2594.155,ok,439994.0,1.0100228639481448
crossover,plant01,w020,14,astar,689239,104.403040,104.403000,4063.617,ok,432291.0,1.5943866515842338
crossover,plant01,w020,14,rastar,853030,104.403040,104.403000,5093.231,ok,432291.0,1.9732772599938468
crossover,plant01,w020,14,mm,0,0,104.403000,90000.000,timeout,432291.0,0.0
crossover,plant01,w020,14,bia,1064487,104.403040,104.403000,11072.721,ok,432291.0,2.4624315565209547
crossover,plant01,w020,14,bae,335414,104.403040,104.403000,3362.396,ok,432291.0,0.7758986423497135
crossover,plant01,w020,14,nbs,426690,104.403040,104.403000,2410.062,ok,432291.0,0.9870434498983324
crossover,plant01,w020,15,astar,1471836,126.375009,126.375000,9775.976,ok,589804.0,2.4954662904965037
crossover,plant01,w020,15,rastar,841834,126.375009,126.375000,4657.546,ok,589804.0,1.427311445836244
crossover,plant01,w020,15,mm,0,0,126.375000,90000.000,timeout,589804.0,0.0
crossover,plant01,w020,15,bia,1244822,126.375009,126.375000,13242.287,ok,589804.0,2.1105689347647694
crossover,plant01,w020,15,bae,510316,126.375009,126.375000,5295.140,ok,589804.0,0.865229805155611
crossover,plant01,w020,15,nbs,606726,126.375009,126.375000,3509.038,ok,589804.0,1.0286908871421692
crossover,plant01,w030,10,astar,260773,87.157000,87.157000,713.554,ok,233915.0,1.1148194857106213
crossover,plant01,w030,10,rastar,308702,87.157000,87.157000,888.949,ok,233915.0,1.319718701237629
crossover,plant01,w030,10,mm,0,0,87.157000,90000.000,timeout,233915.0,0.0
crossover,plant01,w030,10,bia,401947,87.157000,87.157000,3259.551,ok,233915.0,1.7183464078832054
crossover,plant01,w030,10,bae,140928,87.157000,87.157000,1225.789,ok,233915.0,0.6024752581065772
crossover,plant01,w030,10,nbs,227662,87.157000,87.157000,1204.739,ok,233915.0,0.9732680674604023
crossover,plant01,w030,11,astar,144866,65.069610,65.069600,615.457,ok,112169.0,1.2914976508661038
crossover,plant01,w030,11,rastar,211975,65.069610,65.069600,1206.498,ok,112169.0,1.8897823819415347
crossover,plant01,w030,11,mm,115782,65.069610,65.069600,89328.757,ok,112169.0,1.0322103254910002
crossover,plant01,w030,11,bia,216809,65.069610,65.069600,1632.157,ok,112169.0,1.9328780679153776
crossover,plant01,w030,11,bae,73595,65.069610,65.069600,437.998,ok,112169.0,0.6561081938860113
crossover,plant01,w030,11,nbs,108430,65.069610,65.069600,419.691,ok,112169.0,0.9666663694960284
crossover,plant01,w030,12,astar,606297,99.714755,99.714800,3179.596,ok,416106.0,1.4570734380181973
crossover,plant01,w030,12,rastar,582725,99.714755,99.714800,3116.147,ok,416106.0,1.4004244110875594
crossover,plant01,w030,12,mm,0,0,99.714800,90000.000,timeout,416106.0,0.0
crossover,plant01,w030,12,bia,881787,99.714755,99.714800,9081.449,ok,416106.0,2.1191403152081443
crossover,plant01,w030,12,bae,251138,99.714755,99.714800,2381.275,ok,416106.0,0.6035433279020249
crossover,plant01,w030,12,nbs,403330,99.714755,99.714800,2352.197,ok,416106.0,0.9692962850812052
crossover,plant01,w030,13,astar,782859,101.575342,101.575000,4732.245,ok,439994.0,1.779249262489943
crossover,plant01,w030,13,rastar,544805,101.575342,101.575000,3072.783,ok,439994.0,1.2382100665009068
crossover,plant01,w030,13,mm,0,0,101.575000,90000.000,timeout,439994.0,0.0
crossover,plant01,w030,13,bia,808718,101.575342,101.575000,7101.416,ok,439994.0,1.8380205184616154
crossover,plant01,w030,13,bae,320708,101.575342,101.575000,3225.489,ok,439994.0,0.7288917576148766
crossover,plant01,w030,13,nbs,444404,101.575342,101.575000,2499.736,ok,439994.0,1.0100228639481448
crossover,plant01,w030,14,astar,525611,104.403040,104.403000,3035.258,ok,432154.0,1.2162585559777301
crossover,plant01,w030,14,rastar,683444,104.403040,104.403000,4083.590,ok,432154.0,1.581482527062112
crossover,plant01,w030,14,mm,0,0,104.403000,90000.000,timeout,432154.0,0.0
crossover,plant01,w030,14,bia,815651,104.403040,104.403000,7810.749,ok,432154.0,1.8874081924499138
crossover,plant01,w030,14,bae,281361,104.403040,104.403000,2152.949,ok,432154.0,0.6510665179542477
crossover,plant01,w030,14,nbs,426690,104.403040,104.403000,2068.422,ok,432154.0,0.9873563590756999
crossover,plant01,w030,15,astar,1201366,126.375009,126.375000,6789.969,ok,589713.0,2.0372045384788873
crossover,plant01,w030,15,rastar,696947,126.375009,126.375000,3272.128,ok,589713.0,1.1818409972308563
crossover,plant01,w030,15,mm,0,0,126.375000,90000.000,timeout,589713.0,0.0
crossover,plant01,w030,15,bia,1024166,126.375009,126.375000,10588.630,ok,589713.0,1.736719387227346
crossover,plant01,w030,15,bae,455161,126.375009,126.375000,4635.671,ok,589713.0,0.7718347738645748
crossover,plant01,w030,15,nbs,606726,126.375009,126.375000,3404.164,ok,589713.0,1.0288496268523841
crossover,plant01,w040,10,astar,187694,87.157000,87.157000,661.877,ok,185172.0,1.0136197697276046
crossover,plant01,w040,10,rastar,244562,87.157000,87.157000,918.721,ok,185172.0,1.3207288358931155
crossover,plant01,w040,10,mm,0,0,87.157000,90000.000,timeout,185172.0,0.0
crossover,plant01,w040,10,bia,286395,87.157000,87.157000,2118.750,ok,185172.0,1.5466431209902145
crossover,plant01,w040,10,bae,110784,87.157000,87.157000,771.853,ok,185172.0,0.5982761972652453
crossover,plant01,w040,10,nbs,211124,87.157000,87.157000,1131.429,ok,185172.0,1.140150778735446
crossover,plant01,w040,11,astar,111248,65.069610,65.069600,374.076,ok,104386.0,1.0657367846262908
crossover,plant01,w040,11,rastar,152851,65.069610,65.069600,604.791,ok,104386.0,1.4642863985591938
crossover,plant01,w040,11,mm,0,0,65.069600,90000.000,timeout,104386.0,0.0
crossover,plant01,w040,11,bia,162709,65.069610,65.069600,1051.253,ok,104386.0,1.5587243500086219
crossover,plant01,w040,11,bae,61771,65.069610,65.069600,301.525,ok,104386.0,0.5917555994098825
crossover,plant01,w040,11,nbs,106202,65.069610,65.069600,397.596,ok,104386.0,1.0173969689421953
crossover,plant01,w040,12,astar,442165,99.714755,99.714800,2224.014,ok,388655.0,1.1376799475112889
crossover,plant01,w040,12,rastar,448656,99.714755,99.714800,2242.505,ok,388655.0,1.154381134939728
crossover,plant01,w040,12,mm,0,0,99.714800,90000.000,timeout,388655.0,0.0
crossover,plant01,w040,12,bia,620067,99.714755,99.714800,5631.450,ok,388655.0,1.595417529685711
crossover,plant01,w040,12,bae,207558,99.714755,99.714800,1775.825,ok,388655.0,0.5340417594010112
crossover,plant01,w040,12,nbs,393720,99.714755,99.714800,2400.302,ok,388655.0,1.0130321236057687
crossover,plant01,w040,13,astar,597652,101.575342,101.575000,3553.220,ok,429306.0,1.392135213577262
crossover,plant01,w040,13,rastar,448999,101.575342,101.575000,1983.076,ok,429306.0,1.045871709223724
crossover,plant01,w040,13,mm,0,0,101.575000,90000.000,timeout,429306.0,0.0
crossover,plant01,w040,13,bia,675612,101.575342,101.575000,6541.025,ok,429306.0,1.5737306257075372
crossover,plant01,w040,13,bae,272346,101.575342,101.575000,2631.921,ok,429306.0,0.6343866612625959
crossover,plant01,w040,13,nbs,444284,101.575342,101.575000,2831.406,ok,429306.0,1.0348888671483742
crossover,plant01,w040,14,astar,395025,104.403040,104.403000,1878.272,ok,387799.0,1.0186333641912435
crossover,plant01,w040,14,rastar,529992,104.403040,104.403000,2680.964,ok,387799.0,1.366666752621848
crossover,plant01,w040,14,mm,0,0,104.403000,90000.000,timeout,387799.0,0.0
crossover,plant01,w040,14,bia,610335,104.403040,104.403000,5753.132,ok,387799.0,1.5738436664354472
crossover,plant01,w040,14,bae,227505,104.403040,104.403000,2284.074,ok,387799.0,0.5866570053042942
crossover,plant01,w040,14,nbs,418488,104.403040,104.403000,2503.062,ok,387799.0,1.0791363567208787
crossover,plant01,w040,15,astar,932080,126.375009,126.375000,5651.666,ok,545476.0,1.708746122652509
crossover,plant01,w040,15,rastar,566086,126.375009,126.375000,2585.800,ok,545476.0,1.0377835138484552
crossover,plant01,w040,15,mm,0,0,126.375000,90000.000,timeout,545476.0,0.0
crossover,plant01,w040,15,bia,822536,126.375009,126.375000,7995.376,ok,545476.0,1.5079233550147026
crossover,plant01,w040,15,bae,397595,126.375009,126.375000,3043.452,ok,545476.0,0.7288954967771267
crossover,plant01,w040,15,nbs,603684,126.375009,126.375000,3630.524,ok,545476.0,1.1067104693882042
crossover,plant01,w060,10,astar,89513,87.157000,87.157000,272.525,ok,89509.0,1.0000446882436402
crossover,plant01,w060,10,rastar,134219,87.157000,87.157000,497.221,ok,89509.0,1.4995028432895017
crossover,plant01,w060,10,mm,0,0,87.157000,90000.000,timeout,89509.0,0.0
crossover,plant01,w060,10,bia,131607,87.157000,87.157000,688.796,ok,89509.0,1.4703214201923829
crossover,plant01,w060,10,bae,63295,87.157000,87.157000,317.311,ok,89509.0,0.7071355953032656
crossover,plant01,w060,10,nbs,137954,87.157000,87.157000,607.737,ok,89509.0,1.5412304907886358
crossover,plant01,w060,11,astar,60831,65.069610,65.069600,168.798,ok,60830.0,1.0000164392569455
crossover,plant01,w060,11,rastar,83550,65.069610,65.069600,267.511,ok,60830.0,1.3734999178037153
crossover,plant01,w060,11,mm,79753,65.069610,65.069600,81482.635,ok,60830.0,1.311080059181325
crossover,plant01,w060,11,bia,87516,65.069610,65.069600,384.353,ok,60830.0,1.4386980108499097
crossover,plant01,w060,11,bae,40414,65.069610,65.069600,169.674,ok,60830.0,0.6643761301989151
crossover,plant01,w060,11,nbs,80512,65.069610,65.069600,292.573,ok,60830.0,1.323557455203025
crossover,plant01,w060,12,astar,231444,99.714755,99.714800,1039.561,ok,231443.0,1.0000043207182763
crossover,plant01,w060,12,rastar,237499,99.714755,99.714800,686.343,ok,231443.0,1.026166269880705
crossover,plant01,w060,12,mm,0,0,99.714800,90000.000,timeout,231443.0,0.0
crossover,plant01,w060,12,bia,310439,99.714755,99.714800,2584.586,ok,231443.0,1.341319460947188
crossover,plant01,w060,12,bae,135697,99.714755,99.714800,977.734,ok,231443.0,0.5863085079263577
crossover,plant01,w060,12,nbs,277372,99.714755,99.714800,1555.765,ok,231443.0,1.1984462697078762
crossover,plant01,w060,13,astar,304667,101.575342,101.575000,1687.619,ok,269042.0,1.1324142698909463
crossover,plant01,w060,13,rastar,269043,101.575342,101.575000,1279.051,ok,269042.0,1.0000037168917864
crossover,plant01,w060,13,mm,0,0,101.575000,90000.000,timeout,269042.0,0.0
crossover,plant01,w060,13,bia,409034,101.575342,101.575000,3769.852,ok,269042.0,1.520335114963463
crossover,plant01,w060,13,bae,175329,101.575342,101.575000,1521.740,ok,269042.0,0.6516789200199226
crossover,plant01,w060,13,nbs,376392,101.575342,101.575000,2430.895,ok,269042.0,1.3990083332713852
crossover,plant01,w060,14,astar,199713,104.403040,104.403000,1002.290,ok,199712.0,1.000005007210383
crossover,plant01,w060,14,rastar,272077,104.403040,104.403000,1575.676,ok,199712.0,1.3623467793622817
crossover,plant01,w060,14,mm,0,0,104.403000,90000.000,timeout,199712.0,0.0
crossover,plant01,w060,14,bia,303367,104.403040,104.403000,2760.585,ok,199712.0,1.5190223922448325
crossover,plant01,w060,14,bae,128770,104.403040,104.403000,940.164,ok,199712.0,0.6447784810126582
crossover,plant01,w060,14,nbs,316662,104.403040,104.403000,2273.824,ok,199712.0,1.5855932542861721
crossover,plant01,w060,15,astar,508828,126.375009,126.375000,3133.478,ok,367026.0,1.386354100254478
crossover,plant01,w060,15,rastar,367027,126.375009,126.375000,1975.760,ok,367026.0,1.0000027246026166
crossover,plant01,w060,15,mm,0,0,126.375000,90000.000,timeout,367026.0,0.0
crossover,plant01,w060,15,bia,525238,126.375009,126.375000,4784.608,ok,367026.0,1.431064829194662
crossover,plant01,w060,15,bae,262730,126.375009,126.375000,2263.129,ok,367026.0,0.7158348454877856
crossover,plant01,w060,15,nbs,522350,126.375009,126.375000,3341.487,ok,367026.0,1.4231961768376082
crossover,plant01,w100,10,astar,801,87.157000,87.157000,1.954,ok,743.0,1.0780619111709286
crossover,plant01,w100,10,rastar,6739,87.157000,87.157000,14.822,ok,743.0,9.069986541049799
crossover,plant01,w100,10,mm,5056,87.157000,87.157000,32.833,ok,743.0,6.804845222072679
crossover,plant01,w100,10,bia,1597,87.157000,87.157000,4.175,ok,743.0,2.149394347240915
crossover,plant01,w100,10,bae,3663,87.157000,87.157000,8.971,ok,743.0,4.930013458950202
crossover,plant01,w100,10,nbs,4944,87.157000,87.157000,9.922,ok,743.0,6.654104979811574
crossover,plant01,w100,11,astar,801,65.069610,65.069600,1.728,ok,762.0,1.0511811023622046
crossover,plant01,w100,11,rastar,14234,65.069610,65.069600,33.731,ok,762.0,18.67979002624672
crossover,plant01,w100,11,mm,10573,65.069610,65.069600,48.507,ok,762.0,13.875328083989501
crossover,plant01,w100,11,bia,1595,65.069610,65.069600,4.356,ok,762.0,2.093175853018373
crossover,plant01,w100,11,bae,11893,65.069610,65.069600,34.931,ok,762.0,15.60761154855643
crossover,plant01,w100,11,nbs,5054,65.069610,65.069600,10.074,ok,762.0,6.63254593175853
crossover,plant01,w100,12,astar,801,99.714755,99.714800,1.874,ok,738.0,1.0853658536585367
crossover,plant01,w100,12,rastar,44944,99.714755,99.714800,119.202,ok,738.0,60.89972899728997
crossover,plant01,w100,12,mm,30381,99.714755,99.714800,254.226,ok,738.0,41.166666666666664
crossover,plant01,w100,12,bia,1597,99.714755,99.714800,3.977,ok,738.0,2.1639566395663956
crossover,plant01,w100,12,bae,36324,99.714755,99.714800,159.357,ok,738.0,49.21951219512195
crossover,plant01,w100,12,nbs,11226,99.714755,99.714800,25.028,ok,738.0,15.211382113821138
crossover,plant01,w100,13,astar,801,101.575342,101.575000,1.838,ok,726.0,1.103305785123967
crossover,plant01,w100,13,rastar,39927,101.575342,101.575000,100.591,ok,726.0,54.99586776859504
crossover,plant01,w100,13,mm,28653,101.575342,101.575000,249.471,ok,726.0,39.46694214876033
crossover,plant01,w100,13,bia,1597,101.575342,101.575000,4.078,ok,726.0,2.1997245179063363
crossover,plant01,w100,13,bae,22543,101.575342,101.575000,69.724,ok,726.0,31.050964187327825
crossover,plant01,w100,13,nbs,12550,101.575342,101.575000,27.036,ok,726.0,17.286501377410467
crossover,plant01,w100,14,astar,801,104.403040,104.403000,1.905,ok,742.0,1.0795148247978437
crossover,plant01,w100,14,rastar,15094,104.403040,104.403000,35.203,ok,742.0,20.342318059299192
crossover,plant01,w100,14,mm,9853,104.403040,104.403000,77.750,ok,742.0,13.278975741239892
crossover,plant01,w100,14,bia,1597,104.403040,104.403000,3.928,ok,742.0,2.152291105121294
crossover,plant01,w100,14,bae,8715,104.403040,104.403000,22.825,ok,742.0,11.745283018867925
crossover,plant01,w100,14,nbs,3820,104.403040,104.403000,7.456,ok,742.0,5.1482479784366575
crossover,plant01,w100,15,astar,800,126.375009,126.375000,1.830,ok,706.0,1.13314447592068
crossover,plant01,w100,15,rastar,87669,126.375009,126.375000,277.533,ok,706.0,124.1770538243626
crossover,plant01,w100,15,mm,43625,126.375009,126.375000,348.816,ok,706.0,61.79178470254958
crossover,plant01,w100,15,bia,1515,126.375009,126.375000,4.372,ok,706.0,2.1458923512747874
crossover,plant01,w100,15,bae,31883,126.375009,126.375000,125.899,ok,706.0,45.1600566572238
crossover,plant01,w100,15,nbs,9736,126.375009,126.375000,19.537,ok,706.0,13.790368271954675
