VoxelMap: loaded 'benchmarks/industrial-plants/plants/plant01.3dmap' [voxel] 195x128x100, 87620 listed voxels, diagonals=1
instance,alg,expanded,generated,cost,optimal,time_ms,optimal_ok
0,astar,2,17,1.414214,1.414210,0.011,1
0,rastar,2,17,1.414214,1.414210,0.003,1
0,mm,1,17,1.414214,1.414210,0.014,1
0,bae,1,17,1.414214,1.414210,0.006,1
0,nbs,1,17,1.414214,1.414210,0.007,1
0,gbfs,2,0,2.828427,1.414210,0.010,0
1,astar,2,17,1.414214,1.414210,0.003,1
1,rastar,2,17,1.414214,1.414210,0.009,1
1,mm,1,17,1.414214,1.414210,0.002,1
1,bae,1,17,1.414214,1.414210,0.011,1
1,nbs,1,17,1.414214,1.414210,0.003,1
1,gbfs,2,0,1.414214,1.414210,0.006,0
2,astar,3,34,2.000000,2.000000,0.005,1
2,rastar,3,34,2.000000,2.000000,0.003,1
2,mm,2,34,2.000000,2.000000,0.016,1
2,bae,2,34,2.000000,2.000000,0.008,1
2,nbs,2,34,2.000000,2.000000,0.016,1
2,gbfs,2,0,3.464102,2.000000,0.004,0
3,astar,3,34,2.414214,2.414210,0.004,1
3,rastar,3,34,2.414214,2.414210,0.003,1
3,mm,2,34,2.414214,2.414210,0.012,1
3,bae,2,34,2.414214,2.414210,0.004,1
3,nbs,2,34,2.414214,2.414210,0.008,1
3,gbfs,2,0,2.414214,2.414210,0.003,0
4,astar,3,34,2.414214,2.414210,0.004,1
4,rastar,3,34,2.414214,2.414210,0.003,1
4,mm,2,34,2.414214,2.414210,0.005,1
4,bae,2,34,2.414214,2.414210,0.003,1
4,nbs,2,34,2.414214,2.414210,0.004,1
4,gbfs,2,0,2.414214,2.414210,0.003,0
5,astar,3,34,2.000000,2.000000,0.003,1
5,rastar,3,34,2.000000,2.000000,0.003,1
5,mm,2,34,2.000000,2.000000,0.005,1
5,bae,2,34,2.000000,2.000000,0.003,1
5,nbs,2,34,2.000000,2.000000,0.004,1
5,gbfs,2,0,3.464102,2.000000,0.002,0
6,astar,3,34,2.828427,2.828430,0.003,1
6,rastar,3,34,2.828427,2.828430,0.003,1
6,mm,2,34,2.828427,2.828430,0.005,1
6,bae,2,34,2.828427,2.828430,0.003,1
6,nbs,2,34,2.828427,2.828430,0.004,1
6,gbfs,2,0,2.828427,2.828430,0.003,0
7,astar,3,34,2.000000,2.000000,0.003,1
7,rastar,3,34,2.000000,2.000000,0.002,1
7,mm,2,34,2.000000,2.000000,0.005,1
7,bae,2,34,2.000000,2.000000,0.003,1
7,nbs,2,34,2.000000,2.000000,0.004,1
7,gbfs,2,0,2.828427,2.000000,0.002,0
8,astar,3,34,2.414214,2.414210,0.003,1
8,rastar,3,34,2.414214,2.414210,0.003,1
8,mm,2,34,2.414214,2.414210,0.004,1
8,bae,2,34,2.414214,2.414210,0.002,1
8,nbs,2,34,2.414214,2.414210,0.003,1
8,gbfs,2,0,2.414214,2.414210,0.002,0
9,astar,3,34,2.414214,2.414210,0.003,1
9,rastar,3,34,2.414214,2.414210,0.003,1
9,mm,2,34,2.414214,2.414210,0.004,1
9,bae,2,34,2.414214,2.414210,0.003,1
9,nbs,2,34,2.414214,2.414210,0.003,1
9,gbfs,2,0,3.146264,2.414210,0.002,0
10,astar,801,18561,87.157000,87.157000,0.892,1
10,rastar,6739,167623,87.157000,87.157000,6.901,1
10,mm,5056,126851,87.157000,87.157000,7.293,1
10,bae,3609,88065,87.157000,87.157000,2.791,1
10,nbs,4944,122758,87.157000,87.157000,3.321,1
10,gbfs,106,0,89.353152,87.157000,0.168,0
11,astar,801,18202,65.069610,65.069600,0.573,1
11,rastar,14234,361549,65.069610,65.069600,10.237,1
11,mm,10573,270161,65.069610,65.069600,9.993,1
11,bae,11725,294604,65.069610,65.069600,8.770,1
11,nbs,5054,126886,65.069610,65.069600,3.095,1
11,gbfs,100,0,68.768824,65.069600,0.263,0
12,astar,801,18049,99.714755,99.714800,0.959,1
12,rastar,44944,1147488,99.714755,99.714800,53.420,1
12,mm,30381,779181,99.714755,99.714800,38.248,1
12,bae,33128,848447,99.714755,99.714800,20.788,1
12,nbs,11226,282006,99.714755,99.714800,5.814,1
12,gbfs,146,0,101.660738,99.714800,0.169,0
13,astar,801,18361,101.575342,101.575000,1.075,1
13,rastar,39927,1014929,101.575342,101.575000,23.965,1
13,mm,28653,732193,101.575342,101.575000,43.436,1
13,bae,18433,462286,101.671718,101.575000,10.981,0
13,nbs,12550,312295,101.575342,101.575000,6.201,1
13,gbfs,180,0,105.137278,101.575000,0.161,0
14,astar,801,18001,104.403040,104.403000,0.892,1
14,rastar,15094,379618,104.403040,104.403000,9.513,1
14,mm,9853,247123,104.403040,104.403000,17.227,1
14,bae,8169,199168,104.403040,104.403000,4.441,1
14,nbs,3820,92908,104.403040,104.403000,1.952,1
14,gbfs,150,0,108.044837,104.403000,0.162,0
15,astar,800,17756,126.375009,126.375000,0.771,1
15,rastar,87669,2199404,126.375009,126.375000,57.626,1
15,mm,43625,1085692,126.375009,126.375000,78.799,1
15,bae,25951,643373,126.375009,126.375000,15.623,1
15,nbs,9736,240139,126.375009,126.375000,4.491,1
15,gbfs,220,0,134.018264,126.375000,0.207,0
16,astar,801,14971,63.213203,63.213200,1.361,1
16,rastar,7039,170883,63.213203,63.213200,3.850,1
16,mm,4781,114265,63.213203,63.213200,76.324,1
16,bae,2459,55213,63.213203,63.213200,1.392,1
16,nbs,1554,33321,63.213203,63.213200,0.801,1
16,gbfs,120,0,65.899495,63.213200,0.082,0
17,astar,801,18447,139.756630,139.757000,0.544,1
17,rastar,2126,49874,139.756630,139.757000,1.142,1
17,mm,2053,47819,139.756630,139.757000,3.247,1
17,bae,1405,32689,139.756630,139.757000,0.730,1
17,nbs,2488,59340,139.756630,139.757000,1.203,1
17,gbfs,240,0,147.802390,139.757000,0.166,0
18,astar,801,17881,80.485281,80.485300,0.433,1
18,rastar,9818,228419,80.485281,80.485300,4.974,1
18,mm,7004,163249,80.485281,80.485300,7.394,1
18,bae,4509,104565,80.485281,80.485300,2.089,1
18,nbs,2194,48725,80.485281,80.485300,1.012,1
18,gbfs,150,0,82.777810,80.485300,0.107,0
19,astar,801,17929,69.137278,69.137300,0.517,1
19,rastar,12781,310257,69.137278,69.137300,7.067,1
19,mm,9932,240334,69.137278,69.137300,13.016,1
19,bae,7874,186655,69.137278,69.137300,3.855,1
19,nbs,3336,75583,69.137278,69.137300,1.568,1
19,gbfs,130,0,74.463373,69.137300,0.094,0
20,astar,1599,35097,95.960847,95.960800,0.977,1
20,rastar,31651,781966,95.960847,95.960800,18.902,1
20,mm,20603,507393,95.960847,95.960800,183.865,1
20,bae,14895,357902,95.960847,95.960800,8.915,1
20,nbs,3372,77756,95.960847,95.960800,1.801,1
20,gbfs,160,0,98.547363,95.960800,0.134,0
21,astar,1600,38113,134.792674,134.793000,1.356,1
21,rastar,41760,1007830,134.792674,134.793000,24.218,1
21,mm,25373,617168,134.792674,134.793000,210.660,1
21,bae,3221,62496,134.792674,134.793000,1.601,1
21,nbs,21306,513596,134.792674,134.793000,9.899,1
21,gbfs,394,0,147.808996,134.793000,0.280,0
22,astar,1600,36768,83.035315,83.035300,1.279,1
22,rastar,12895,327128,83.035315,83.035300,8.061,1
22,mm,11300,286407,83.035315,83.035300,15.381,1
22,bae,9803,243151,83.035315,83.035300,5.012,1
22,nbs,4980,121650,83.035315,83.035300,2.888,1
22,gbfs,128,0,86.843291,83.035300,0.129,0
23,astar,1600,34143,121.308122,121.308000,0.943,1
23,rastar,57477,1414317,121.308122,121.308000,34.113,1
23,mm,45221,1121382,121.308122,121.308000,124.329,1
23,bae,22629,542353,121.308122,121.308000,11.910,1
23,nbs,12846,308898,121.308122,121.308000,6.004,1
23,gbfs,920,0,148.869329,121.308000,0.624,0
24,astar,1600,34828,91.438600,91.438600,1.446,1
24,rastar,19740,465861,91.438600,91.438600,10.861,1
24,mm,13681,321602,91.438600,91.438600,344.473,1
24,bae,7149,163871,91.438600,91.438600,3.852,1
24,nbs,3100,70338,91.438600,91.438600,1.610,1
24,gbfs,142,0,104.576800,91.438600,0.137,0
25,astar,1600,36528,117.148690,117.149000,1.056,1
25,rastar,49097,1249756,117.148690,117.149000,29.718,1
25,mm,31810,807265,117.148690,117.149000,51.324,1
25,bae,42425,1077912,117.148690,117.149000,25.770,1
25,nbs,27678,697103,117.148690,117.149000,12.911,1
25,gbfs,158,0,118.805544,117.149000,0.165,0
26,astar,1600,40111,102.245795,102.246000,1.617,1
26,rastar,6692,169841,102.245795,102.246000,4.337,1
26,mm,3419,86027,102.245795,102.246000,48.074,1
26,bae,957,23807,102.245795,102.246000,1.207,1
26,nbs,7652,193826,102.245795,102.246000,3.802,1
26,gbfs,138,0,104.923829,102.246000,0.155,0
27,astar,1601,37553,72.120227,72.120200,0.928,1
27,rastar,27448,692235,72.120227,72.120200,16.411,1
27,mm,25564,648809,72.120227,72.120200,38.886,1
27,bae,14607,363885,72.120227,72.120200,7.501,1
27,nbs,5368,130652,72.120227,72.120200,2.560,1
27,gbfs,352,0,78.555620,72.120200,0.237,0
28,astar,1601,36954,89.970563,89.970600,1.091,1
28,rastar,27741,682332,89.970563,89.970600,16.361,1
28,mm,20390,502306,89.970563,89.970600,34.259,1
28,bae,11198,270299,89.970563,89.970600,5.765,1
28,nbs,4534,104205,89.970563,89.970600,2.205,1
28,gbfs,164,0,92.263091,89.970600,0.120,0
29,astar,1601,36887,183.773436,183.773000,1.314,1
29,rastar,253097,6432503,183.773436,183.773000,165.115,1
29,mm,150764,3832715,183.773436,183.773000,488.497,1
29,bae,89283,2266152,183.773436,183.773000,52.443,1
29,nbs,79938,2038613,183.773436,183.773000,42.181,1
29,gbfs,292,0,188.436413,183.773000,0.320,0
30,astar,2398,55935,49.262363,49.262400,4.733,1
30,rastar,3411,80200,49.262363,49.262400,1.805,1
30,mm,3658,85766,49.262363,49.262400,118.764,1
30,bae,3814,89636,49.262363,49.262400,3.903,1
30,nbs,3690,86517,49.262363,49.262400,2.816,1
30,gbfs,68,0,51.554891,49.262400,0.088,0
31,astar,2398,55509,56.747644,56.747600,1.407,1
31,rastar,4242,101219,56.747644,56.747600,2.434,1
31,mm,5118,121702,56.747644,56.747600,126.222,1
31,bae,3604,85205,56.747644,56.747600,1.938,1
31,nbs,4728,112632,56.747644,56.747600,2.206,1
31,gbfs,78,0,58.404498,56.747600,0.070,0
32,astar,2398,52993,89.919217,89.919200,1.393,1
32,rastar,26918,658123,89.919217,89.919200,14.499,1
32,mm,18134,443756,89.919217,89.919200,942.305,1
32,bae,12378,295215,89.970563,89.919200,6.560,0
32,nbs,5220,120226,89.919217,89.919200,2.550,1
32,gbfs,164,0,92.263091,89.919200,0.110,0
33,astar,2398,55962,83.640287,83.640300,1.730,1
33,rastar,18949,467589,83.640287,83.640300,10.632,1
33,mm,17447,429251,83.640287,83.640300,27.077,1
33,bae,15494,381333,83.640287,83.640300,8.243,1
33,nbs,8788,213263,83.640287,83.640300,4.482,1
33,gbfs,122,0,87.146748,83.640300,0.102,0
34,astar,2398,56666,91.525454,91.525500,1.471,1
34,rastar,50173,1261664,91.525454,91.525500,28.502,1
34,mm,41091,1041515,91.525454,91.525500,67.678,1
34,bae,26341,654367,91.621830,91.525500,14.620,0
34,nbs,11036,270634,91.525454,91.525500,5.566,1
34,gbfs,460,0,118.213203,91.525500,0.304,0
35,astar,2399,54899,51.284271,51.284300,1.794,1
35,rastar,3521,84803,51.284271,51.284300,1.789,1
35,mm,5720,135649,51.284271,51.284300,76.736,1
35,bae,5499,129285,51.284271,51.284300,2.946,1
35,nbs,5052,118986,51.284271,51.284300,2.481,1
35,gbfs,80,0,53.576800,51.284300,0.076,0
36,astar,2399,56381,84.854949,84.854900,1.288,1
36,rastar,27437,682969,84.854949,84.854900,15.735,1
36,mm,23406,583197,84.854949,84.854900,35.494,1
36,bae,21856,545495,84.854949,84.854900,12.736,1
36,nbs,10252,249793,84.854949,84.854900,4.864,1
36,gbfs,132,0,86.704555,84.854900,0.118,0
37,astar,2399,55412,112.833576,112.834000,1.640,1
37,rastar,79165,2015577,112.833576,112.834000,46.455,1
37,mm,55536,1413942,112.833576,112.834000,93.884,1
37,bae,62983,1607149,112.833576,112.834000,38.518,1
37,nbs,8428,206300,112.833576,112.834000,4.310,1
37,gbfs,168,0,116.649081,112.834000,0.163,0
38,astar,2399,51533,105.059166,105.059000,1.999,1
38,rastar,45537,1160454,105.059166,105.059000,26.400,1
38,mm,39932,1015434,105.059166,105.059000,75.403,1
38,bae,22671,558074,105.059166,105.059000,13.019,1
38,nbs,7732,185405,105.059166,105.059000,3.815,1
38,gbfs,196,0,115.940397,105.059000,0.171,0
39,astar,2399,57986,120.430291,120.430000,1.996,1
39,rastar,12730,322245,120.430291,120.430000,7.104,1
39,mm,13977,353862,120.430291,120.430000,34.899,1
39,bae,11934,296672,120.430291,120.430000,6.539,1
39,nbs,8978,222898,120.430291,120.430000,4.586,1
39,gbfs,212,0,134.824782,120.430000,0.167,0
40,astar,3198,73837,73.656854,73.656900,1.822,1
40,rastar,15549,382576,73.656854,73.656900,8.303,1
40,mm,14520,356424,73.656854,73.656900,25.206,1
40,bae,9981,237711,73.656854,73.656900,5.210,1
40,nbs,6624,157905,73.656854,73.656900,3.274,1
40,gbfs,138,0,75.949383,73.656900,0.097,0
41,astar,3198,76948,79.679976,79.680000,1.957,1
41,rastar,9823,247019,79.679976,79.680000,5.542,1
41,mm,12766,318313,79.679976,79.680000,24.428,1
41,bae,10738,266338,79.679976,79.680000,5.866,1
41,nbs,7636,189868,79.679976,79.680000,3.773,1
41,gbfs,124,0,82.608179,79.680000,0.110,0
42,astar,3198,70782,147.646946,147.647000,1.847,1
42,rastar,36960,927559,147.646946,147.647000,20.858,1
42,mm,25625,637550,147.646946,147.647000,95.670,1
42,bae,15211,369155,147.646946,147.647000,7.996,1
42,nbs,9154,220038,147.646946,147.647000,4.661,1
42,gbfs,224,0,150.197901,147.647000,0.197,0
43,astar,3199,76689,87.906778,87.906800,2.111,1
43,rastar,18194,460652,87.906778,87.906800,10.101,1
43,mm,20582,520420,87.906778,87.906800,37.609,1
43,bae,15210,376154,87.906778,87.906800,8.449,1
43,nbs,6894,169473,87.906778,87.906800,3.619,1
43,gbfs,156,0,98.483094,87.906800,0.153,0
44,astar,3199,75090,114.218545,114.219000,2.031,1
44,rastar,86733,2214337,114.218545,114.219000,50.218,1
44,mm,68285,1755484,114.218545,114.219000,118.522,1
44,bae,34464,860469,114.218545,114.219000,18.868,1
44,nbs,14922,373362,114.218545,114.219000,7.007,1
44,gbfs,182,0,118.881522,114.219000,0.166,0
45,astar,3200,74978,136.980033,136.980000,2.539,1
45,rastar,149720,3755500,136.980033,136.980000,86.808,1
45,mm,100990,2550664,136.980033,136.980000,416.125,1
45,bae,54757,1361557,136.980033,136.980000,29.850,1
45,nbs,16586,412950,136.980033,136.980000,8.429,1
45,gbfs,244,0,142.567814,136.980000,0.219,0
46,astar,3200,76136,51.213203,51.213200,3.123,1
46,rastar,3389,78005,51.213203,51.213200,1.757,1
46,mm,6487,152285,51.213203,51.213200,88.054,1
46,bae,6079,142592,51.213203,51.213200,3.623,1
46,nbs,6354,149043,51.213203,51.213200,3.157,1
46,gbfs,84,0,53.505732,51.213200,0.080,0
47,astar,3201,80098,142.951132,142.951000,1.812,1
47,rastar,13934,352858,142.951132,142.951000,7.752,1
47,mm,15165,383696,142.951132,142.951000,23.562,1
47,bae,11347,279682,142.951132,142.951000,6.108,1
47,nbs,15296,381813,142.951132,142.951000,7.549,1
47,gbfs,240,0,151.387983,142.951000,0.207,0
48,astar,3200,68798,86.254834,86.254800,1.805,1
48,rastar,8012,172980,86.254834,86.254800,3.877,1
48,mm,6802,147462,86.254834,86.254800,206.393,1
48,bae,6218,141137,86.254834,86.254800,3.258,1
48,nbs,5612,121553,86.254834,86.254800,2.462,1
48,gbfs,192,0,99.970563,86.254800,0.130,0
49,astar,3200,68666,75.627417,75.627400,1.560,1
49,rastar,17306,409835,75.627417,75.627400,9.401,1
49,mm,18271,426581,75.627417,75.627400,22.980,1
49,bae,13351,305069,75.627417,75.627400,6.894,1
49,nbs,7240,161066,75.627417,75.627400,3.311,1
49,gbfs,132,0,77.919946,75.627400,0.100,0
50,astar,3995,86168,113.919217,113.919000,2.525,1
50,rastar,40024,961173,113.919217,113.919000,22.474,1
50,mm,23581,557691,113.919217,113.919000,634.135,1
50,bae,13678,325629,113.919217,113.919000,7.190,1
50,nbs,8180,182937,113.919217,113.919000,3.875,1
50,gbfs,178,0,117.292529,113.919000,0.122,0
51,astar,3995,95819,48.242641,48.242600,2.583,1
51,rastar,4553,109697,48.242641,48.242600,2.444,1
51,mm,7145,173065,48.242641,48.242600,79.547,1
51,bae,5937,143802,48.242641,48.242600,3.222,1
51,nbs,7476,181095,48.242641,48.242600,3.792,1
51,gbfs,544,0,49.899495,48.242600,0.301,0
52,astar,3996,95653,87.069610,87.069600,2.159,1
52,rastar,22523,568982,87.069610,87.069600,12.274,1
52,mm,24424,617477,87.069610,87.069600,37.262,1
52,bae,18932,469955,87.069610,87.069600,10.183,1
52,nbs,10746,264578,87.069610,87.069600,5.521,1
52,gbfs,1568,0,95.112698,87.069600,0.965,0
53,astar,3996,85975,70.740115,70.740100,2.186,1
53,rastar,7324,177213,70.740115,70.740100,4.192,1
53,mm,10946,255544,70.740115,70.740100,19.079,1
53,bae,8769,200088,70.740115,70.740100,4.667,1
53,nbs,8196,188508,70.740115,70.740100,4.172,1
53,gbfs,104,0,73.032644,70.740100,0.111,0
54,astar,3997,97404,59.242641,59.242600,2.418,1
54,rastar,8903,215860,59.242641,59.242600,4.943,1
54,mm,6740,162506,59.242641,59.242600,258.359,1
54,bae,1994,46725,59.242641,59.242600,1.137,1
54,nbs,6864,165676,59.242641,59.242600,3.558,1
54,gbfs,190,0,63.727922,59.242600,0.125,0
55,astar,3997,85608,76.539105,76.539100,2.000,1
55,rastar,6613,158706,76.539105,76.539100,3.446,1
55,mm,9507,221508,76.539105,76.539100,268.661,1
55,bae,8670,197121,76.539105,76.539100,3.908,1
55,nbs,7866,179799,76.539105,76.539100,3.531,1
55,gbfs,246,0,94.606237,76.539100,0.159,0
56,astar,3997,86671,142.668074,142.668000,2.270,1
56,rastar,55178,1405169,142.668074,142.668000,32.434,1
56,mm,45086,1144760,142.668074,142.668000,80.256,1
56,bae,23040,566100,142.668074,142.668000,12.882,1
56,nbs,9544,226404,142.668074,142.668000,4.468,1
56,gbfs,196,0,145.279845,142.668000,0.192,0
57,astar,3998,100676,73.087390,73.087400,3.071,1
57,rastar,4994,126410,73.087390,73.087400,2.792,1
57,mm,5165,131134,73.087390,73.087400,237.142,1
57,bae,7732,195362,73.087390,73.087400,4.157,1
57,nbs,5120,129964,73.087390,73.087400,2.652,1
57,gbfs,82,0,75.572671,73.087400,0.095,0
58,astar,3998,97019,90.938939,90.938900,2.485,1
58,rastar,5222,127465,90.938939,90.938900,2.962,1
58,mm,6595,161053,90.938939,90.938900,15.701,1
58,bae,3969,95529,90.938939,90.938900,2.290,1
58,nbs,7132,173555,90.938939,90.938900,3.443,1
58,gbfs,176,0,105.083261,90.938900,0.169,0
59,astar,3998,94633,93.186437,93.186400,2.173,1
59,rastar,5384,126137,93.186437,93.186400,2.696,1
59,mm,6952,164068,93.186437,93.186400,44.533,1
59,bae,8838,209009,93.822111,93.186400,4.296,0
59,nbs,7200,170129,93.186437,93.186400,3.388,1
59,gbfs,144,0,96.114640,93.186400,0.138,0
60,astar,4794,112714,101.964195,101.964000,2.736,1
60,rastar,27526,693937,101.964195,101.964000,16.020,1
60,mm,24942,627781,101.964195,101.964000,40.284,1
60,bae,13129,322635,101.964195,101.964000,7.258,1
60,nbs,10430,254615,101.964195,101.964000,5.586,1
60,gbfs,140,0,104.199307,101.964000,0.148,0
61,astar,4794,116805,113.358546,113.359000,3.071,1
61,rastar,14603,360870,113.358546,113.359000,8.240,1
61,mm,11431,281168,113.358546,113.359000,998.993,1
61,bae,8799,213716,113.948461,113.359000,5.146,0
61,nbs,9126,224202,113.358546,113.359000,4.394,1
61,gbfs,220,0,126.639610,113.359000,0.202,0
62,astar,4794,117868,76.673176,76.673200,2.780,1
62,rastar,7747,193000,76.673176,76.673200,4.174,1
62,mm,12444,308683,76.673176,76.673200,21.367,1
62,bae,10875,269281,76.673176,76.673200,5.815,1
62,nbs,9948,248482,76.673176,76.673200,5.013,1
62,gbfs,126,0,78.965705,76.673200,0.116,0
63,astar,4794,115301,49.899495,49.899500,2.750,1
63,rastar,6162,148167,49.899495,49.899500,3.309,1
63,mm,9713,234961,49.899495,49.899500,235.821,1
63,bae,7894,190647,49.899495,49.899500,4.176,1
63,nbs,8968,217612,49.899495,49.899500,4.706,1
63,gbfs,216,0,50.727922,49.899500,0.136,0
64,astar,4794,117487,210.750018,210.750000,3.025,1
64,rastar,341961,8706260,210.750018,210.750000,225.232,1
64,mm,211555,5445920,210.750018,210.750000,14980.350,1
64,bae,75249,1863523,210.750018,210.750000,49.007,1
64,nbs,15682,393635,210.750018,210.750000,7.387,1
64,gbfs,330,0,216.007768,210.750000,0.321,0
65,astar,4794,116200,121.108325,121.108000,6.849,1
65,rastar,20187,504323,121.108325,121.108000,11.631,1
65,mm,18879,469559,121.108325,121.108000,133.367,1
65,bae,12855,315300,121.108325,121.108000,8.348,1
65,nbs,10030,247529,121.108325,121.108000,5.308,1
65,gbfs,238,0,138.915088,121.108000,0.218,0
66,astar,4796,109526,115.410569,115.411000,2.836,1
66,rastar,61881,1566914,115.410569,115.411000,35.951,1
66,mm,48831,1231573,115.410569,115.411000,92.666,1
66,bae,53091,1334342,115.410569,115.411000,34.599,1
66,nbs,38530,968290,115.410569,115.411000,19.397,1
66,gbfs,174,0,118.338772,115.411000,0.181,0
67,astar,4797,102753,95.970563,95.970600,2.870,1
67,rastar,53634,1336694,95.970563,95.970600,30.326,1
67,mm,50510,1250769,95.970563,95.970600,85.443,1
67,bae,24994,588243,95.970563,95.970600,13.798,1
67,nbs,10476,243376,95.970563,95.970600,5.853,1
67,gbfs,220,0,101.334159,95.970600,0.161,0
68,astar,4797,116926,149.914307,149.914000,3.201,1
68,rastar,138582,3534948,149.914307,149.914000,85.709,1
68,mm,79833,2032533,149.914307,149.914000,160.937,1
68,bae,84133,2142767,149.914307,149.914000,55.991,1
68,nbs,18878,472650,149.914307,149.914000,9.197,1
68,gbfs,238,0,153.845233,149.914000,0.199,0
69,astar,4797,116302,120.317108,120.317000,3.936,1
69,rastar,115249,2936146,120.317108,120.317000,63.448,1
69,mm,88585,2266287,120.317108,120.317000,181.546,1
69,bae,44406,1120227,120.317108,120.317000,25.765,1
69,nbs,12364,307714,120.317108,120.317000,6.539,1
69,gbfs,846,0,123.727193,120.317000,0.773,0
70,astar,5588,132515,56.605508,56.605500,4.199,1
70,rastar,6547,155406,56.605508,56.605500,3.396,1
70,mm,8969,214105,56.605508,56.605500,402.182,1
70,bae,8278,197222,56.605508,56.605500,4.809,1
70,nbs,9202,219461,56.605508,56.605500,4.746,1
70,gbfs,86,0,58.898037,56.605500,0.098,0
71,astar,5589,140478,154.728406,154.728000,3.121,1
71,rastar,38825,993732,154.728406,154.728000,21.524,1
71,mm,36362,933473,154.728406,154.728000,79.195,1
71,bae,19615,492512,154.728406,154.728000,10.606,1
71,nbs,16578,417778,154.728406,154.728000,7.955,1
71,gbfs,298,0,169.565091,154.728000,0.247,0
72,astar,5590,132420,96.880793,96.880800,3.385,1
72,rastar,6616,157593,96.880793,96.880800,3.633,1
72,mm,7552,178562,96.880793,96.880800,510.360,1
72,bae,8213,194236,96.880793,96.880800,4.322,1
72,nbs,7980,188844,96.880793,96.880800,3.741,1
72,gbfs,96,0,98.248518,96.880800,0.108,0
73,astar,5590,135045,77.429807,77.429800,2.960,1
73,rastar,24794,602736,77.429807,77.429800,13.963,1
73,mm,26734,652650,77.429807,77.429800,43.970,1
73,bae,22975,561974,77.429807,77.429800,12.807,1
73,nbs,12490,302443,77.429807,77.429800,6.260,1
73,gbfs,138,0,80.698485,77.429800,0.108,0
74,astar,5590,119835,116.091519,116.092000,3.306,1
74,rastar,78324,1935794,116.091519,116.092000,43.498,1
74,mm,61011,1505747,116.091519,116.092000,2241.548,1
74,bae,26407,624885,116.091519,116.092000,14.958,1
74,nbs,11144,254937,116.091519,116.092000,5.217,1
74,gbfs,382,0,126.622559,116.092000,0.261,0
75,astar,5591,134669,53.698485,53.698500,3.791,1
75,rastar,6722,163454,53.698485,53.698500,3.594,1
75,mm,9721,236477,53.698485,53.698500,479.696,1
75,bae,7909,190388,53.698485,53.698500,4.568,1
75,nbs,10210,248678,53.698485,53.698500,5.455,1
75,gbfs,330,0,62.192024,53.698500,0.210,0
76,astar,5592,134311,122.418097,122.418000,3.273,1
76,rastar,119857,3029630,122.418097,122.418000,71.207,1
76,mm,76224,1914697,122.418097,122.418000,3669.255,1
76,bae,92906,2350875,122.418097,122.418000,59.994,1
76,nbs,39342,981707,122.418097,122.418000,19.998,1
76,gbfs,194,0,127.192508,122.418000,0.183,0
77,astar,5592,134119,81.727193,81.727200,4.134,1
77,rastar,52359,1329408,81.727193,81.727200,30.397,1
77,mm,53344,1354243,81.727193,81.727200,86.998,1
77,bae,36880,916523,81.727193,81.727200,21.738,1
77,nbs,13248,325473,81.727193,81.727200,6.654,1
77,gbfs,212,0,85.040902,81.727200,0.173,0
78,astar,5592,128730,160.483631,160.484000,3.399,1
78,rastar,66127,1686433,160.483631,160.484000,36.861,1
78,mm,62718,1605702,160.483631,160.484000,132.451,1
78,bae,48983,1228909,160.483631,160.484000,25.655,1
78,nbs,29995,751913,160.483631,160.484000,14.130,1
78,gbfs,272,0,166.781017,160.484000,0.220,0
79,astar,5592,131750,63.369667,63.369700,3.742,1
79,rastar,8548,204350,63.369667,63.369700,4.796,1
79,mm,9081,217013,63.369667,63.369700,597.751,1
79,bae,5607,134009,63.369667,63.369700,4.099,1
79,nbs,8854,211327,63.369667,63.369700,4.541,1
79,gbfs,94,0,65.990285,63.369700,0.109,0
80,astar,6382,159657,125.903379,125.903000,3.848,1
80,rastar,7160,176858,125.903379,125.903000,4.280,1
80,mm,11040,274336,125.903379,125.903000,21.400,1
80,bae,12605,313324,125.903379,125.903000,6.580,1
80,nbs,11245,279762,125.903379,125.903000,5.675,1
80,gbfs,192,0,128.581413,125.903000,0.187,0
81,astar,6382,154185,55.526912,55.526900,3.688,1
81,rastar,8023,196110,55.526912,55.526900,4.384,1
81,mm,12161,297562,55.526912,55.526900,483.244,1
81,bae,10806,262677,55.526912,55.526900,6.048,1
81,nbs,11940,292512,55.526912,55.526900,6.300,1
81,gbfs,242,0,62.213203,55.526900,0.165,0
82,astar,6384,150082,107.806273,107.806000,3.377,1
82,rastar,36628,921085,107.806273,107.806000,20.410,1
82,mm,36791,918785,107.806273,107.806000,56.963,1
82,bae,37858,944883,107.806273,107.806000,23.573,1
82,nbs,26694,663702,107.806273,107.806000,13.234,1
82,gbfs,146,0,111.119982,107.806000,0.149,0
83,astar,6385,140509,66.513261,66.513300,3.507,1
83,rastar,17545,424551,66.513261,66.513300,9.657,1
83,mm,22234,526197,66.513261,66.513300,989.815,1
83,bae,18882,439541,66.513261,66.513300,10.012,1
83,nbs,12794,296201,66.513261,66.513300,6.332,1
83,gbfs,3826,0,74.898766,66.513300,2.480,0
84,astar,6386,151643,100.045514,100.046000,3.704,1
84,rastar,41602,1048728,100.045514,100.046000,23.302,1
84,mm,39766,1001543,100.045514,100.046000,63.514,1
84,bae,44234,1110872,100.045514,100.046000,28.647,1
84,nbs,20402,508297,100.045514,100.046000,10.465,1
84,gbfs,146,0,103.953267,100.046000,0.199,0
85,astar,6386,153080,80.625959,80.626000,3.774,1
85,rastar,12724,309044,80.625959,80.626000,6.782,1
85,mm,11227,273016,80.625959,80.626000,925.469,1
85,bae,5051,119371,80.625959,80.626000,3.227,1
85,nbs,11684,283875,80.625959,80.626000,5.533,1
85,gbfs,122,0,82.918488,80.626000,0.129,0
86,astar,6387,156457,81.347758,81.347800,3.729,1
86,rastar,12358,309998,81.347758,81.347800,6.925,1
86,mm,18499,460945,81.347758,81.347800,30.549,1
86,bae,17854,443902,81.347758,81.347800,9.967,1
86,nbs,13496,338247,81.347758,81.347800,7.062,1
86,gbfs,122,0,84.275962,81.347800,0.121,0
87,astar,6387,151579,93.788545,93.788500,3.591,1
87,rastar,19238,466463,93.788545,93.788500,11.109,1
87,mm,20131,486972,93.788545,93.788500,42.255,1
87,bae,12637,307461,93.788545,93.788500,7.550,1
87,nbs,12566,302548,93.788545,93.788500,6.312,1
87,gbfs,128,0,96.081074,93.788500,0.131,0
88,astar,6388,150003,106.271833,106.272000,3.739,1
88,rastar,68934,1744683,106.271833,106.272000,39.885,1
88,mm,57965,1470972,106.271833,106.272000,86.713,1
88,bae,51092,1273043,106.271833,106.272000,30.934,1
88,nbs,21784,542397,106.271833,106.272000,11.290,1
88,gbfs,170,0,110.781746,106.272000,0.157,0
89,astar,6388,137367,135.446129,135.446000,3.678,1
89,rastar,191124,4822504,135.446129,135.446000,113.210,1
89,mm,132328,3324423,135.446129,135.446000,218.405,1
89,bae,67904,1668709,135.446129,135.446000,40.383,1
89,nbs,20642,500511,135.446129,135.446000,10.029,1
89,gbfs,3720,0,161.111969,135.446000,2.410,0
90,astar,7173,166965,95.923882,95.923900,5.762,1
90,rastar,7605,181539,95.923882,95.923900,4.415,1
90,mm,11039,261741,95.923882,95.923900,724.563,1
90,bae,5399,128137,95.923882,95.923900,3.667,1
90,nbs,12626,299913,95.923882,95.923900,6.570,1
90,gbfs,220,0,116.970563,95.923900,0.222,0
91,astar,7173,178411,119.577232,119.577000,4.031,1
91,rastar,31217,800675,119.577232,119.577000,18.167,1
91,mm,32634,837060,119.577232,119.577000,53.033,1
91,bae,31684,807700,119.577232,119.577000,19.469,1
91,nbs,17350,439682,119.577232,119.577000,9.384,1
91,gbfs,156,0,123.565575,119.577000,0.178,0
92,astar,7173,178308,94.529583,94.529600,4.314,1
92,rastar,26181,655341,94.529583,94.529600,15.512,1
92,mm,19803,494103,94.529583,94.529600,2013.248,1
92,bae,12457,308530,94.529583,94.529600,7.556,1
92,nbs,15008,372585,94.529583,94.529600,7.458,1
92,gbfs,160,0,98.325902,94.529600,0.146,0
93,astar,7174,167527,96.267027,96.267000,4.099,1
93,rastar,15800,361614,96.267027,96.267000,8.797,1
93,mm,16971,393655,96.267027,96.267000,1181.448,1
93,bae,15094,353411,96.267027,96.267000,8.298,1
93,nbs,14274,331099,96.267027,96.267000,6.639,1
93,gbfs,446,0,113.547363,96.267000,0.267,0
94,astar,7174,154893,72.384776,72.384800,3.675,1
94,rastar,15421,367449,72.384776,72.384800,8.071,1
94,mm,20427,473925,72.384776,72.384800,24.556,1
94,bae,18310,419354,72.384776,72.384800,8.955,1
94,nbs,13836,314424,72.384776,72.384800,6.775,1
94,gbfs,144,0,73.213203,72.384800,0.196,0
95,astar,7176,181375,172.925094,172.925000,4.304,1
95,rastar,40150,1033447,172.925094,172.925000,22.869,1
95,mm,30843,796287,172.925094,172.925000,6130.000,1
95,bae,10176,261036,172.925094,172.925000,5.505,1
95,nbs,20774,532927,172.925094,172.925000,10.609,1
95,gbfs,252,0,177.491695,172.925000,0.229,0
96,astar,7179,172084,84.965705,84.965700,4.156,1
96,rastar,39267,993349,84.965705,84.965700,21.914,1
96,mm,44223,1114485,84.965705,84.965700,66.490,1
96,bae,28775,712813,84.965705,84.965700,15.486,1
96,nbs,15292,377267,84.965705,84.965700,8.276,1
96,gbfs,3866,0,91.994413,84.965700,2.289,0
97,astar,7180,170814,81.870058,81.870100,4.323,1
97,rastar,12584,306470,81.870058,81.870100,6.977,1
97,mm,10916,263767,81.870058,81.870100,849.791,1
97,bae,3863,87028,81.870058,81.870100,2.335,1
97,nbs,11760,284562,81.870058,81.870100,5.517,1
97,gbfs,338,0,95.434664,81.870100,0.265,0
98,astar,7181,181619,159.971047,159.971000,3.997,1
98,rastar,62564,1589699,159.971047,159.971000,35.708,1
98,mm,37526,955346,159.971047,159.971000,500.500,1
98,bae,363,8250,159.971047,159.971000,0.330,1
98,nbs,34720,881735,159.971047,159.971000,16.554,1
98,gbfs,304,0,163.627901,159.971000,0.272,0
99,astar,7182,165177,93.828427,93.828400,4.487,1
99,rastar,25148,604603,93.828427,93.828400,13.807,1
99,mm,20363,485235,93.828427,93.828400,775.300,1
99,bae,17614,417902,93.828427,93.828400,9.260,1
99,nbs,14288,334536,93.828427,93.828400,7.023,1
99,gbfs,94,0,96.120956,93.828400,0.095,0
100,astar,7979,173952,98.809725,98.809700,4.258,1
100,rastar,22230,536976,98.809725,98.809700,12.094,1
100,mm,25887,609642,98.809725,98.809700,384.787,1
100,bae,16895,389038,98.809725,98.809700,8.931,1
100,nbs,15488,357547,98.809725,98.809700,7.776,1
100,gbfs,202,0,113.112698,98.809700,0.133,0
101,astar,7979,188326,78.172786,78.172800,4.658,1
101,rastar,18926,464320,78.172786,78.172800,10.493,1
101,mm,22950,560501,78.172786,78.172800,1186.952,1
101,bae,20159,489411,78.172786,78.172800,11.647,1
101,nbs,17494,424373,78.172786,78.172800,9.293,1
101,gbfs,118,0,80.947196,78.172800,0.114,0
102,astar,7980,180675,88.768095,88.768100,4.264,1
102,rastar,20049,478980,88.768095,88.768100,11.015,1
102,mm,21376,499580,88.768095,88.768100,1013.977,1
102,bae,15021,345948,88.768095,88.768100,8.503,1
102,nbs,15798,366448,88.768095,88.768100,7.687,1
102,gbfs,178,0,97.606237,88.768100,0.131,0
103,astar,7980,200207,96.830369,96.830400,4.848,1
103,rastar,15260,377615,96.830369,96.830400,8.689,1
103,mm,12274,302561,96.830369,96.830400,1265.192,1
103,bae,6381,155986,96.926745,96.830400,3.533,0
103,nbs,15148,374470,96.830369,96.830400,7.588,1
103,gbfs,272,0,108.580200,96.830400,0.203,0
104,astar,7981,190549,90.245848,90.245800,4.706,1
104,rastar,24479,611750,90.245848,90.245800,14.105,1
104,mm,25519,637712,90.245848,90.245800,1519.561,1
104,bae,19159,472518,90.245848,90.245800,11.544,1
104,nbs,14758,363194,90.245848,90.245800,7.664,1
104,gbfs,136,0,93.174780,90.245800,0.127,0
105,astar,7982,191792,104.844749,104.845000,4.806,1
105,rastar,65481,1655434,104.844749,104.845000,37.478,1
105,mm,43520,1098483,104.844749,104.845000,1695.295,1
105,bae,28027,695484,104.844749,104.845000,15.561,1
105,nbs,15276,373986,104.844749,104.845000,7.598,1
105,gbfs,208,0,109.284271,104.845000,0.148,0
106,astar,7982,178558,145.263091,145.263000,4.976,1
106,rastar,147594,3664694,145.263091,145.263000,86.252,1
106,mm,106859,2661155,145.263091,145.263000,4595.168,1
106,bae,43829,1056246,145.263091,145.263000,25.975,1
106,nbs,15460,364779,145.263091,145.263000,7.465,1
106,gbfs,304,0,150.819441,145.263000,0.227,0
107,astar,7982,196645,107.488681,107.489000,6.112,1
107,rastar,15550,388215,107.488681,107.489000,8.687,1
107,mm,12285,305783,107.488681,107.489000,1344.363,1
107,bae,2234,52156,107.585057,107.489000,1.718,0
107,nbs,12540,312158,107.488681,107.489000,6.207,1
107,gbfs,228,0,109.384776,107.489000,0.173,0
108,astar,7982,171452,152.596522,152.597000,3.861,1
108,rastar,221723,5547102,152.596522,152.597000,136.597,1
108,mm,141683,3515462,152.596522,152.597000,248.404,1
108,bae,91163,2216519,152.596522,152.597000,54.766,1
108,nbs,34342,809024,152.596522,152.597000,16.366,1
108,gbfs,520,0,166.890508,152.597000,0.362,0
109,astar,7983,203758,174.719368,174.719000,6.862,1
109,rastar,29963,768942,174.719368,174.719000,17.580,1
109,mm,17261,444538,174.719368,174.719000,3348.152,1
109,bae,15917,407261,174.719368,174.719000,9.280,1
109,nbs,10258,262343,174.719368,174.719000,5.695,1
109,gbfs,258,0,178.264788,174.719000,0.264,0
110,astar,8772,212590,118.646358,118.646000,5.202,1
110,rastar,62653,1596599,118.646358,118.646000,36.804,1
110,mm,57610,1466944,118.646358,118.646000,119.131,1
110,bae,62564,1579335,118.646358,118.646000,39.281,1
110,nbs,22242,555252,118.646358,118.646000,11.851,1
110,gbfs,174,0,122.538324,118.646000,0.191,0
111,astar,8773,216855,112.690175,112.690000,5.623,1
111,rastar,17457,437728,112.690175,112.690000,9.935,1
111,mm,14359,361184,112.690175,112.690000,920.880,1
111,bae,2857,69773,112.690175,112.690000,2.577,1
111,nbs,12790,318581,112.690175,112.690000,6.874,1
111,gbfs,202,0,118.131691,112.690000,0.186,0
112,astar,8775,206631,123.703826,123.704000,5.083,1
112,rastar,65032,1610016,123.703826,123.704000,37.610,1
112,mm,52422,1295684,123.703826,123.704000,107.163,1
112,bae,58187,1446635,123.703826,123.704000,34.778,1
112,nbs,42736,1058968,123.703826,123.704000,21.587,1
112,gbfs,276,0,129.796074,123.704000,0.235,0
113,astar,8775,212667,97.409840,97.409800,5.692,1
113,rastar,11645,292135,97.409840,97.409800,6.666,1
113,mm,13515,334408,97.409840,97.409800,2274.857,1
113,bae,8306,203752,97.409840,97.409800,5.559,1
113,nbs,12348,304709,97.409840,97.409800,6.714,1
113,gbfs,190,0,111.560962,97.409800,0.185,0
114,astar,8775,200046,145.955209,145.955000,4.849,1
114,rastar,103809,2644861,145.955209,145.955000,62.110,1
114,mm,78819,2000654,145.955209,145.955000,140.022,1
114,bae,64280,1610630,145.955209,145.955000,38.542,1
114,nbs,47110,1176343,145.955209,145.955000,24.010,1
114,gbfs,214,0,150.726219,145.955000,0.216,0
115,astar,8777,199085,151.424756,151.425000,5.804,1
115,rastar,88127,2244786,151.424756,151.425000,52.711,1
115,mm,76634,1942486,151.424756,151.425000,16463.025,1
115,bae,16441,390597,151.424756,151.425000,11.108,1
115,nbs,16030,382156,151.424756,151.425000,8.487,1
115,gbfs,210,0,153.717285,151.425000,0.222,0
116,astar,8777,209170,84.986156,84.986200,5.871,1
116,rastar,11796,282779,84.986156,84.986200,6.585,1
116,mm,14919,359987,84.986156,84.986200,1612.368,1
116,bae,9306,222792,84.986156,84.986200,5.311,1
116,nbs,15816,380642,84.986156,84.986200,8.291,1
116,gbfs,168,0,95.630817,84.986200,0.143,0
117,astar,8777,222931,124.844504,124.845000,5.099,1
117,rastar,15800,404507,124.844504,124.845000,9.113,1
117,mm,22662,581054,124.844504,124.845000,49.861,1
117,bae,17575,447968,124.844504,124.845000,9.451,1
117,nbs,24835,634531,124.844504,124.845000,13.005,1
117,gbfs,170,0,126.944280,124.845000,0.183,0
118,astar,8779,221037,131.099583,131.100000,5.058,1
118,rastar,46846,1172551,131.099583,131.100000,26.660,1
118,mm,35515,896376,131.099583,131.100000,9514.655,1
118,bae,20583,520640,131.099583,131.100000,11.618,1
118,nbs,18414,465093,131.099583,131.100000,20.329,1
118,gbfs,114,0,133.488488,131.100000,0.305,0
119,astar,8781,220093,95.935487,95.935500,11.336,1
119,rastar,13835,347599,95.935487,95.935500,13.236,1
119,mm,22327,561277,95.935487,95.935500,45.477,1
119,bae,20399,512304,95.935487,95.935500,13.161,1
119,nbs,18868,476746,95.935487,95.935500,10.168,1
119,gbfs,128,0,98.960066,95.935500,0.236,0
120,astar,9565,228869,158.779507,158.780000,5.365,1
120,rastar,79079,1964013,158.779507,158.780000,46.516,1
120,mm,63985,1589457,158.779507,158.780000,190.010,1
120,bae,34829,865635,158.875883,158.780000,20.244,0
120,nbs,26622,650047,158.779507,158.780000,13.235,1
120,gbfs,288,0,178.238267,158.780000,0.268,0
121,astar,9565,213177,79.538569,79.538600,5.644,1
121,rastar,20860,502158,79.538569,79.538600,11.406,1
121,mm,27177,639930,79.538569,79.538600,43.880,1
121,bae,26950,630161,79.538569,79.538600,14.122,1
121,nbs,19548,455070,79.538569,79.538600,9.680,1
121,gbfs,270,0,81.002671,79.538600,0.195,0
122,astar,9570,226060,115.722335,115.722000,5.512,1
122,rastar,43917,1118233,115.722335,115.722000,25.178,1
122,mm,50967,1285044,115.722335,115.722000,110.864,1
122,bae,36877,916319,115.722335,115.722000,21.686,1
122,nbs,23782,590804,115.722335,115.722000,12.756,1
122,gbfs,192,0,118.014864,115.722000,0.163,0
123,astar,9570,241621,165.221945,165.222000,5.799,1
123,rastar,31785,818218,165.221945,165.222000,17.854,1
123,mm,40325,1034218,165.221945,165.222000,96.047,1
123,bae,28865,733552,165.221945,165.222000,16.715,1
123,nbs,22268,566146,165.221945,165.222000,11.736,1
123,gbfs,288,0,168.535653,165.222000,0.253,0
124,astar,9571,239157,155.849362,155.849000,5.697,1
124,rastar,31215,797735,155.849362,155.849000,17.289,1
124,mm,37915,965754,155.849362,155.849000,87.290,1
124,bae,26855,676792,155.849362,155.849000,14.641,1
124,nbs,22603,569539,155.849362,155.849000,11.721,1
124,gbfs,288,0,170.342901,155.849000,0.259,0
125,astar,9571,230931,105.220732,105.221000,5.613,1
125,rastar,31469,782037,105.220732,105.221000,17.400,1
125,mm,28233,697303,105.220732,105.221000,3059.678,1
125,bae,14857,359749,105.220732,105.221000,8.360,1
125,nbs,18238,444652,105.220732,105.221000,9.775,1
125,gbfs,350,0,111.120227,105.221000,0.248,0
126,astar,9574,223098,97.329302,97.329300,5.655,1
126,rastar,25553,622323,97.329302,97.329300,14.461,1
126,mm,21543,520068,97.329302,97.329300,2747.223,1
126,bae,14751,349657,97.329302,97.329300,8.127,1
126,nbs,18396,438303,97.329302,97.329300,8.678,1
126,gbfs,664,0,122.656125,97.329300,0.407,0
127,astar,9575,229700,90.483823,90.483800,5.572,1
127,rastar,37532,926479,90.483823,90.483800,20.753,1
127,mm,40180,994102,90.483823,90.483800,427.047,1
127,bae,40187,984556,90.483823,90.483800,23.037,1
127,nbs,28270,697919,90.483823,90.483800,13.996,1
127,gbfs,150,0,93.893908,90.483800,0.140,0
128,astar,9575,215939,95.755901,95.755900,5.395,1
128,rastar,25623,608337,95.755901,95.755900,13.826,1
128,mm,25269,599195,95.755901,95.755900,1855.278,1
128,bae,21962,519443,95.755901,95.755900,11.969,1
128,nbs,19094,450402,95.755901,95.755900,9.805,1
128,gbfs,400,0,96.584329,95.755900,0.238,0
129,astar,9577,219881,75.253376,75.253400,5.503,1
129,rastar,17965,437967,75.253376,75.253400,9.882,1
129,mm,24272,582162,75.253376,75.253400,438.803,1
129,bae,23473,559021,75.253376,75.253400,13.142,1
129,nbs,19188,454172,75.253376,75.253400,9.686,1
129,gbfs,148,0,77.563149,75.253400,0.116,0
130,astar,10363,261614,85.898037,85.898000,6.149,1
130,rastar,25703,651482,85.898037,85.898000,14.504,1
130,mm,21682,549317,85.898037,85.898000,1845.061,1
130,bae,13027,328996,85.898037,85.898000,7.384,1
130,nbs,17426,440707,85.898037,85.898000,8.521,1
130,gbfs,140,0,88.383318,85.898000,0.122,0
131,astar,10364,249638,105.336830,105.337000,5.866,1
131,rastar,50658,1269954,105.336830,105.337000,29.049,1
131,mm,51349,1288070,105.336830,105.337000,98.123,1
131,bae,41219,1025938,105.336830,105.337000,24.880,1
131,nbs,28972,724727,105.336830,105.337000,15.430,1
131,gbfs,172,0,107.629359,105.337000,0.152,0
132,astar,10364,254930,129.504029,129.504000,6.822,1
132,rastar,14246,357807,129.504029,129.504000,8.316,1
132,mm,14640,362964,129.504029,129.504000,1859.995,1
132,bae,3179,75027,129.504029,129.504000,2.392,1
132,nbs,15866,394840,129.504029,129.504000,8.331,1
132,gbfs,136,0,130.871755,129.504000,0.149,0
133,astar,10365,251221,68.634946,68.634900,6.070,1
133,rastar,10497,253897,68.634946,68.634900,5.890,1
133,mm,17504,427408,68.634946,68.634900,1193.624,1
133,bae,15806,385120,68.634946,68.634900,8.889,1
133,nbs,18408,448338,68.634946,68.634900,10.144,1
133,gbfs,120,0,71.505732,68.634900,0.105,0
134,astar,10368,258970,111.493294,111.493000,6.173,1
134,rastar,71659,1796438,111.493294,111.493000,41.794,1
134,mm,42666,1069286,111.493294,111.493000,1838.758,1
134,bae,32941,823393,111.493294,111.493000,19.993,1
134,nbs,17342,429589,111.493294,111.493000,8.629,1
134,gbfs,306,0,128.596522,111.493000,0.216,0
135,astar,10368,225310,90.384776,90.384800,5.758,1
135,rastar,16882,408263,90.384776,90.384800,9.176,1
135,mm,23304,545369,90.384776,90.384800,35.311,1
135,bae,23130,530610,90.384776,90.384800,11.622,1
135,nbs,20688,475922,90.384776,90.384800,10.035,1
135,gbfs,164,0,92.677305,90.384800,0.116,0
136,astar,10370,260974,144.818519,144.819000,6.216,1
136,rastar,12645,320241,144.818519,144.819000,7.381,1
136,mm,15186,383639,144.818519,144.819000,2211.601,1
136,bae,9490,238705,144.818519,144.819000,5.271,1
136,nbs,16732,423397,144.818519,144.819000,8.524,1
136,gbfs,184,0,155.555427,144.819000,0.174,0
137,astar,10373,260192,154.050372,154.050000,6.160,1
137,rastar,21677,553270,154.050372,154.050000,12.192,1
137,mm,32119,814528,154.050372,154.050000,57.885,1
137,bae,27935,704823,154.050372,154.050000,14.731,1
137,nbs,23210,588295,154.050372,154.050000,11.902,1
137,gbfs,264,0,157.653209,154.050000,0.238,0
138,astar,10373,252020,63.012193,63.012200,5.859,1
138,rastar,10792,265062,63.012193,63.012200,5.861,1
138,mm,18354,451668,63.012193,63.012200,631.707,1
138,bae,17806,436742,63.012193,63.012200,10.463,1
138,nbs,18810,462381,63.012193,63.012200,10.135,1
138,gbfs,260,0,72.091519,63.012200,0.180,0
139,astar,10374,252667,68.183766,68.183800,5.984,1
139,rastar,12828,310202,68.183766,68.183800,7.104,1
139,mm,17415,422590,68.183766,68.183800,918.538,1
139,bae,14283,343550,68.183766,68.183800,8.138,1
139,nbs,18808,457710,68.183766,68.183800,9.628,1
139,gbfs,272,0,77.706742,68.183800,0.166,0
140,astar,11161,254447,109.651804,109.652000,6.292,1
140,rastar,18166,433550,109.651804,109.652000,10.110,1
140,mm,22707,537799,109.651804,109.652000,1154.597,1
140,bae,15721,366420,109.651804,109.652000,8.653,1
140,nbs,22136,516650,109.651804,109.652000,11.765,1
140,gbfs,254,0,132.556349,109.652000,0.155,0
141,astar,11166,241798,180.869136,180.869000,5.560,1
141,rastar,311699,7819497,180.869136,180.869000,196.344,1
141,mm,202032,5047082,180.869136,180.869000,318.470,1
141,bae,158703,3889346,180.869136,180.869000,100.833,1
141,nbs,39276,925651,180.869136,180.869000,18.934,1
141,gbfs,516,0,185.404305,180.869000,0.393,0
142,astar,11167,282497,116.545853,116.546000,9.988,1
142,rastar,30857,787449,116.545853,116.546000,17.684,1
142,mm,21938,561419,116.545853,116.546000,2127.315,1
142,bae,834,19152,116.642229,116.546000,2.988,0
142,nbs,15630,396175,116.545853,116.546000,7.969,1
142,gbfs,170,0,118.048914,116.546000,0.184,0
143,astar,11167,281501,115.635429,115.635000,6.939,1
143,rastar,66430,1689551,115.635429,115.635000,38.224,1
143,mm,42741,1088332,115.635429,115.635000,5445.702,1
143,bae,6608,160513,115.635429,115.635000,3.949,1
143,nbs,19196,486937,115.635429,115.635000,10.008,1
143,gbfs,240,0,131.617702,115.635000,0.218,0
144,astar,11168,271262,89.069610,89.069600,6.738,1
144,rastar,28837,715233,89.069610,89.069600,16.042,1
144,mm,27113,673831,89.069610,89.069600,5698.577,1
144,bae,16662,406314,89.069610,89.069600,9.351,1
144,nbs,19072,472583,89.069610,89.069600,9.378,1
144,gbfs,148,0,91.362139,89.069600,0.143,0
145,astar,11169,283337,111.105654,111.106000,6.905,1
145,rastar,13612,345672,111.105654,111.106000,8.143,1
145,mm,12895,325031,111.105654,111.106000,1270.928,1
145,bae,15224,384431,111.105654,111.106000,8.869,1
145,nbs,14552,367912,111.105654,111.106000,7.407,1
145,gbfs,162,0,114.459051,111.106000,0.158,0
146,astar,11170,273063,56.798990,56.799000,6.526,1
146,rastar,11624,283700,56.798990,56.799000,6.601,1
146,mm,19069,469115,56.798990,56.799000,1152.234,1
146,bae,15089,371269,56.798990,56.799000,8.713,1
146,nbs,20150,495250,56.798990,56.799000,10.612,1
146,gbfs,952,0,60.556349,56.799000,0.520,0
147,astar,11170,286848,153.443161,153.443000,6.990,1
147,rastar,22241,566303,153.443161,153.443000,12.474,1
147,mm,13934,354535,153.443161,153.443000,452.245,1
147,bae,2707,66137,153.443161,153.443000,1.708,1
147,nbs,21596,550160,153.443161,153.443000,9.811,1
147,gbfs,202,0,155.581897,153.443000,0.227,0
148,astar,11171,270608,69.019722,69.019700,6.489,1
148,rastar,11863,286203,69.019722,69.019700,6.520,1
148,mm,18564,453078,69.019722,69.019700,1389.186,1
148,bae,18894,459849,69.019722,69.019700,11.263,1
148,nbs,18886,460412,69.019722,69.019700,10.778,1
148,gbfs,110,0,71.312251,69.019700,0.114,0
149,astar,11172,279810,174.186244,174.186000,6.704,1
149,rastar,65973,1693253,174.186244,174.186000,36.849,1
149,mm,42606,1094964,174.186244,174.186000,1793.934,1
149,bae,27343,692275,174.772030,174.186000,14.523,0
149,nbs,32916,838504,174.186244,174.186000,15.623,1
149,gbfs,264,0,175.843098,174.186000,0.239,0
