family,map,config,instance,alg,expanded,mvc,exp_over_mvc
descent,level02,nodiag,77,mm,1603313,1610411.0,0.9955924295102306
descent,level03,nodiag,59,mm,4418854,4427595.0,0.9980257905251045
descent,level03,nodiag,79,mm,2920734,2924531.0,0.998701672165554
descent,level05,nodiag,36,mm,2152389,2155094.0,0.9987448343320523
descent,level05,nodiag,84,mm,2274793,2281541.0,0.9970423498854503
descent,level05,nodiag,466,mm,2170579,2172082.0,0.9993080371735505
descent,level06,nodiag,119,mm,2127290,2127813.0,0.999754207724081
descent,level06,nodiag,156,mm,2216813,2217446.0,0.9997145364531989
descent,level06,nodiag,320,mm,2209822,2211375.0,0.9992977220055396
descent,level06,nodiag,331,mm,2278611,2279436.0,0.9996380683642796
descent,level06,nodiag,382,mm,2123831,2125410.0,0.9992570845154582
descent,level06,nodiag,396,mm,2298354,2299334.0,0.9995737896277792
descent,level06,nodiag,411,mm,2249584,2251805.0,0.9990136801366015
descent,level07,nodiag,251,mm,6061563,6064279.0,0.9995521314240324
descent,level07,nodiag,411,mm,6325498,6331683.0,0.9990231665103891
descent,level12,nodiag,50,mm,5057820,5065838.0,0.9984172411356226
descent,level12,nodiag,176,mm,3466019,3480493.0,0.9958413937335889
descent,level12,nodiag,273,mm,8470342,8499388.0,0.99658257747499
descent,level12,nodiag,324,mm,8579820,8590419.0,0.998766183581965
descent,level12,nodiag,404,mm,1830212,1834232.0,0.9978083470357075
descent,level12,nodiag,434,mm,5225683,5246025.0,0.9961223974342478
descent,level12,nodiag,450,mm,6168117,6171625.0,0.9994315921657586
descent,level12,nodiag,470,mm,8085194,8104711.0,0.9975918943932732
descent,level13,nodiag,440,mm,373514,375330.0,0.9951615911331362
descent,level17,nodiag,355,mm,4637659,4639845.0,0.9995288635719513
descent,level17,nodiag,415,mm,4702994,4707613.0,0.9990188233399814
descent,level21,nodiag,150,mm,2136309,2138795.0,0.9988376632636602
descent,level21,nodiag,293,mm,3719424,3725583.0,0.9983468359180294
descent,level21,nodiag,476,mm,1786452,1788585.0,0.9988074371640151
descent,level24,nodiag,328,mm,3598905,3599143.0,0.9999338731470242
descent,level25,nodiag,253,mm,3704305,3718180.0,0.9962683355835382
descent,levels3,nodiag,6,mm,2302618,2303232.0,0.9997334180838057
descent,levels3,nodiag,8,mm,2583379,2593739.0,0.9960057661931289
descent,levels3,nodiag,202,mm,2590484,2596459.0,0.9976987890045635
descent,levels3,nodiag,218,mm,3033375,3035082.0,0.999437576974856
descent,levels3,nodiag,245,mm,2632304,2644325.0,0.9954540383651782
descent,levels3,nodiag,308,mm,2568912,2581991.0,0.9949345292063373
descent,levels3,nodiag,399,mm,1575331,1580063.0,0.9970051827047403
descent,levels3,nodiag,405,mm,2711521,2719857.0,0.9969351329867709
descent,levels3,nodiag,473,mm,1642471,1647558.0,0.9969124000490422
industrial-plants,plant01,diag,860,mm,12633,12845.0,0.9834955235500195
industrial-plants,plant01,diag,1049,mm,35563,35849.0,0.9920220926664621
industrial-plants,plant01,diag,1237,mm,22109,22220.0,0.995004500450045
industrial-plants,plant02,diag,292,mm,18085,18532.0,0.9758795596805525
sandstone,BB,nodiag,15,mm,1378847,1385754.0,0.995015709859037
sandstone,BB,nodiag,33,mm,1727021,1727492.0,0.9997273504016227
sandstone,BB,nodiag,176,mm,1279928,1285105.0,0.9959715353998312
sandstone,BB,nodiag,350,mm,956529,959771.0,0.9966221108993708
sandstone,BUG,nodiag,471,mm,2482272,2484758.0,0.9989995001525299
sandstone,BanderaBrown,nodiag,34,mm,1247234,1247725.0,0.999606483800517
sandstone,BanderaBrown,nodiag,111,mm,1295207,1297696.0,0.9980819853031835
sandstone,BanderaBrown,nodiag,174,mm,1046029,1047008.0,0.9990649546135273
sandstone,BanderaBrown,nodiag,210,mm,1090086,1090621.0,0.9995094537882546
sandstone,BanderaBrown,nodiag,293,mm,316748,316946.0,0.9993752879039332
sandstone,BanderaBrown,nodiag,442,mm,2293685,2300230.0,0.9971546323628506
sandstone,BanderaBrown,nodiag,479,mm,1353651,1355450.0,0.9986727655022317
sandstone,BanderaGray,nodiag,24,mm,1033074,1034437.0,0.9986823750503897
sandstone,BanderaGray,nodiag,111,mm,1770678,1773386.0,0.9984729776822417
sandstone,BanderaGray,nodiag,117,mm,881837,883963.0,0.9975949219594032
sandstone,BanderaGray,nodiag,336,mm,1178893,1180872.0,0.9983241198029931
sandstone,Bentheimer,nodiag,388,mm,1427203,1427684.0,0.9996630907119503
sandstone,Bentheimer,nodiag,426,mm,330016,331027.0,0.9969458684639018
sandstone,Berea,nodiag,218,mm,1506778,1509045.0,0.9984977253826095
sandstone,Berea,nodiag,355,mm,999577,1003262.0,0.9963269813867165
sandstone,CastleGate,nodiag,57,mm,1578082,1581715.0,0.9977031260372444
sandstone,CastleGate,nodiag,93,mm,1778798,1783963.0,0.9971047605807968
sandstone,CastleGate,nodiag,185,mm,796270,796283.0,0.9999836741460009
sandstone,CastleGate,nodiag,235,mm,925960,929490.0,0.9962022184208544
sandstone,Kirby,nodiag,253,mm,502120,502183.0,0.9998745477246342
sandstone,Leopard,nodiag,216,mm,1034130,1035465.0,0.998710724167403
sandstone,Parker,nodiag,324,mm,816773,819631.0,0.996513065025603
sandstone,Parker,nodiag,356,mm,2365262,2367635.0,0.9989977340257261
sandstone,Parker,nodiag,410,mm,2329001,2332478.0,0.9985093106987504
descent,level02,nodiag,0,nbs,3720854,3736209.0,0.9958902192034761
descent,level02,nodiag,2,nbs,2181414,2633486.0,0.8283370407133359
descent,level02,nodiag,8,nbs,1364682,1953395.0,0.6986206066873315
descent,level02,nodiag,16,nbs,3609112,3611611.0,0.9993080650158613
descent,level02,nodiag,23,nbs,2181414,2695080.0,0.8094060287635246
descent,level02,nodiag,25,nbs,2186040,2739912.0,0.797850441912003
descent,level02,nodiag,27,nbs,2182756,2599496.0,0.8396843080350961
descent,level02,nodiag,34,nbs,2185716,2784393.0,0.7849883260013942
descent,level02,nodiag,40,nbs,1562548,2355540.0,0.6633502296713281
descent,level02,nodiag,41,nbs,2182756,2688195.0,0.8119782977053376
descent,level02,nodiag,46,nbs,2124926,2897163.0,0.7334506204863172
descent,level02,nodiag,47,nbs,2181414,2677681.0,0.8146653764955571
descent,level02,nodiag,49,nbs,2189746,2834296.0,0.7725890309269039
descent,level02,nodiag,50,nbs,1878674,2126920.0,0.8832838094521656
descent,level02,nodiag,53,nbs,1484980,2380912.0,0.6237021779889387
descent,level02,nodiag,54,nbs,1607998,2038020.0,0.7890001079479102
descent,level02,nodiag,56,nbs,2181414,2692257.0,0.8102547416535643
descent,level02,nodiag,57,nbs,2179320,2383789.0,0.9142252103688707
descent,level02,nodiag,59,nbs,2181414,2713890.0,0.8037960271050043
descent,level02,nodiag,68,nbs,1987654,2277583.0,0.8727032121332131
descent,level02,nodiag,69,nbs,2180056,2383789.0,0.9145339625277237
descent,level02,nodiag,71,nbs,2181414,2619117.0,0.8328814634855946
descent,level02,nodiag,73,nbs,2199850,3193277.0,0.6889004618139923
descent,level02,nodiag,75,nbs,1783340,2953828.0,0.6037386063101846
descent,level02,nodiag,79,nbs,2185716,2910757.0,0.7509098148694652
descent,level02,nodiag,80,nbs,2032080,2376825.0,0.854955665646398
descent,level02,nodiag,81,nbs,2225956,3234284.0,0.6882376439422141
descent,level02,nodiag,82,nbs,2271762,2967378.0,0.7655789050131125
descent,level02,nodiag,83,nbs,1939670,2238549.0,0.8664853885262284
descent,level02,nodiag,84,nbs,3471068,3505468.0,0.9901867596566278
descent,level02,nodiag,86,nbs,2427626,3167964.0,0.7663047938676071
descent,level02,nodiag,100,nbs,2431328,3179844.0,0.7646060624357673
descent,level02,nodiag,104,nbs,2182756,2641249.0,0.8264105353187071
descent,level02,nodiag,105,nbs,2194474,3009014.0,0.729300029843663
descent,level02,nodiag,108,nbs,2144820,2507591.0,0.855330873336202
descent,level02,nodiag,117,nbs,2114498,2620084.0,0.8070344309571754
descent,level02,nodiag,122,nbs,1593768,1668857.0,0.9550057314677052
descent,level02,nodiag,124,nbs,1935892,2230817.0,0.8677950723882775
descent,level02,nodiag,131,nbs,2179320,2383789.0,0.9142252103688707
descent,level02,nodiag,135,nbs,1962520,2314972.0,0.84775107431105
descent,level02,nodiag,137,nbs,1911186,2233585.0,0.8556585041536364
descent,level02,nodiag,138,nbs,2167886,2568755.0,0.8439442453639993
descent,level02,nodiag,140,nbs,2172208,3444273.0,0.6306724234693359
descent,level02,nodiag,143,nbs,1380132,1980351.0,0.6969128200000909
descent,level02,nodiag,145,nbs,2182756,2614471.0,0.8348748178885901
descent,level02,nodiag,146,nbs,2181414,2719446.0,0.802153821035608
descent,level02,nodiag,150,nbs,1433830,2005840.0,0.7148277031069278
descent,level02,nodiag,153,nbs,1420358,1926411.0,0.7373078745916629
descent,level02,nodiag,154,nbs,2157574,3513935.0,0.6140050968501125
descent,level02,nodiag,156,nbs,2181414,2596112.0,0.8402618993325404
descent,level02,nodiag,162,nbs,2932860,3398015.0,0.8631097861545638
descent,level02,nodiag,168,nbs,1929424,2233585.0,0.8638238526852571
descent,level02,nodiag,170,nbs,2169774,2371926.0,0.9147730578441318
descent,level02,nodiag,172,nbs,2182756,2700020.0,0.8084221598358531
descent,level02,nodiag,174,nbs,2151990,2317254.0,0.9286811027189941
descent,level02,nodiag,176,nbs,2345508,3565359.0,0.6578602603552686
descent,level02,nodiag,178,nbs,2182756,2694754.0,0.8100019519406966
descent,level02,nodiag,180,nbs,1833556,2321068.0,0.78996220705296
descent,level02,nodiag,184,nbs,2181414,2619117.0,0.8328814634855946
descent,level02,nodiag,185,nbs,1832004,2857559.0,0.6411080226165059
descent,level02,nodiag,191,nbs,2206738,3068886.0,0.7190680918092103
descent,level02,nodiag,192,nbs,1960142,2381218.0,0.8231678073994065
descent,level02,nodiag,201,nbs,2101082,2370654.0,0.8862879188612087
descent,level02,nodiag,202,nbs,2182916,2612438.0,0.8355857631836622
descent,level02,nodiag,205,nbs,2193016,2979339.0,0.7360746796520973
descent,level02,diag,208,nbs,1981740,2048528.0,0.9673970773160044
descent,level02,nodiag,211,nbs,1970592,2316785.0,0.8505718053250517
descent,level02,nodiag,212,nbs,2179320,2359060.0,0.9238086356430103
descent,level02,nodiag,215,nbs,2181590,2756609.0,0.7914034961069923
descent,level02,nodiag,221,nbs,1950928,2217125.0,0.8799359530924057
descent,level02,nodiag,223,nbs,2179320,2370437.0,0.9193747819494886
descent,level02,diag,225,nbs,2196542,2203966.0,0.9966315269836286
descent,level02,nodiag,228,nbs,2183362,2541101.0,0.8592188976353163
descent,level02,nodiag,232,nbs,3707694,3753398.0,0.9878233003800823
descent,level02,nodiag,238,nbs,2181414,2745276.0,0.7946064439422484
descent,level02,nodiag,245,nbs,2222124,3540601.0,0.627612091845424
descent,level02,diag,258,nbs,1982978,2077577.0,0.954466669586735
descent,level02,nodiag,260,nbs,2193074,2975327.0,0.7370867134940126
descent,level02,nodiag,266,nbs,2191302,2748272.0,0.7973381091827884
descent,level02,nodiag,268,nbs,1945804,2265530.0,0.8588736410464659
descent,level02,nodiag,272,nbs,3710464,3738486.0,0.9925044523371226
descent,level02,nodiag,275,nbs,2179320,2313229.0,0.942111654315245
descent,level02,nodiag,284,nbs,2145828,2535035.0,0.8464687864270118
descent,level02,diag,285,nbs,1986652,2050818.0,0.9687119968714922
descent,level02,nodiag,288,nbs,2216960,2884013.0,0.7687066597827402
descent,level02,diag,290,nbs,2198396,2620750.0,0.8388423161308786
descent,level02,nodiag,292,nbs,2177388,2378024.0,0.9156291105556547
descent,level02,nodiag,293,nbs,2181414,2637024.0,0.827225690778696
descent,level02,nodiag,294,nbs,2181414,2659056.0,0.8203715905193422
descent,level02,diag,299,nbs,1982102,2073175.0,0.9560707610307861
descent,level02,nodiag,300,nbs,2096486,2295565.0,0.913276687874227
descent,level02,nodiag,312,nbs,1965942,2275827.0,0.8638363109322458
descent,level02,nodiag,317,nbs,2410208,3071844.0,0.7846127602833998
descent,level02,nodiag,320,nbs,1588734,2186927.0,0.726468693285144
descent,level02,nodiag,322,nbs,1804184,1960672.0,0.9201865482854857
descent,level02,nodiag,328,nbs,2179320,2383789.0,0.9142252103688707
descent,level02,nodiag,333,nbs,2175522,2377446.0,0.9150668406348662
descent,level02,nodiag,340,nbs,2187944,2754016.0,0.7944558056307589
descent,level02,nodiag,342,nbs,2140856,2671130.0,0.8014795236472954
descent,level02,nodiag,347,nbs,2181578,2748743.0,0.7936638674477752
descent,level02,nodiag,350,nbs,2208518,3392784.0,0.6509456540705214
descent,level02,nodiag,353,nbs,2179320,2383789.0,0.9142252103688707
descent,level02,nodiag,358,nbs,2186292,2694293.0,0.8114529488812093
descent,level02,nodiag,365,nbs,2109274,2253104.0,0.9361636213863186
descent,level02,nodiag,367,nbs,2113072,2437265.0,0.8669849195717331
descent,level02,nodiag,369,nbs,3549004,3571982.0,0.9935671568333772
descent,level02,nodiag,370,nbs,1933344,2267262.0,0.8527219174493288
descent,level02,nodiag,371,nbs,2001180,2282829.0,0.8766228219459277
descent,level02,nodiag,373,nbs,2179328,2383789.0,0.9142285663705974
descent,level02,nodiag,378,nbs,2181586,2640002.0,0.8263577073047672
descent,level02,nodiag,379,nbs,1774670,2259090.0,0.7855685253796882
descent,level02,nodiag,383,nbs,1881820,3280073.0,0.5737128411471331
descent,level02,nodiag,384,nbs,2032876,2296793.0,0.885093258295371
descent,level02,nodiag,397,nbs,2197658,2831607.0,0.7761168834516937
descent,level02,nodiag,398,nbs,2112152,3042230.0,0.6942775529792291
descent,level02,nodiag,404,nbs,2190692,2627342.0,0.8338054200785433
descent,level02,nodiag,407,nbs,1342368,1868284.0,0.7185031825996476
descent,level02,nodiag,408,nbs,2142710,2354527.0,0.9100384068647334
descent,level02,nodiag,417,nbs,2013816,2275391.0,0.8850417356841088
descent,level02,nodiag,418,nbs,2179320,2383789.0,0.9142252103688707
descent,level02,nodiag,429,nbs,2179320,2383789.0,0.9142252103688707
descent,level02,nodiag,435,nbs,2060598,2262342.0,0.9108251537565938
descent,level02,nodiag,442,nbs,2192244,2936137.0,0.7466422718013499
descent,level02,nodiag,443,nbs,1473382,2260238.0,0.651870289765945
descent,level02,nodiag,444,nbs,2077038,2290594.0,0.906768288051047
descent,level02,diag,447,nbs,2116570,2366604.0,0.894349033467365
descent,level02,nodiag,448,nbs,2139926,2480142.0,0.8628239834654629
descent,level02,nodiag,452,nbs,2181414,2712104.0,0.8043253503552961
descent,level02,nodiag,453,nbs,2196356,3039731.0,0.7225494624359853
descent,level02,nodiag,455,nbs,2182756,2738837.0,0.7969645510119806
descent,level02,nodiag,456,nbs,3677912,3711584.0,0.990927862605292
descent,level02,nodiag,459,nbs,1397062,1874224.0,0.7454082329540119
descent,level02,diag,461,nbs,2197308,2621787.0,0.8380955432306286
descent,level02,nodiag,462,nbs,2205824,3102049.0,0.711086124042528
descent,level02,nodiag,466,nbs,2347150,3471832.0,0.6760551777851002
descent,level02,nodiag,467,nbs,2181414,2588483.0,0.8427383915598441
descent,level02,nodiag,468,nbs,1335658,1914652.0,0.6975983102934632
descent,level02,nodiag,476,nbs,3310660,3417097.0,0.9688516304921985
descent,level02,nodiag,482,nbs,2320278,3298645.0,0.703403367140144
descent,level02,nodiag,484,nbs,2251628,2854414.0,0.7888232050431367
descent,level02,nodiag,485,nbs,2179758,2600191.0,0.8383068782254842
descent,level02,nodiag,486,nbs,2182756,2548652.0,0.8564354804029738
descent,level03,nodiag,79,nbs,2921410,2924531.0,0.998932820339398
descent,level03,diag,126,nbs,4184542,4187345.0,0.9993306020879579
descent,level03,nodiag,136,nbs,1889432,1893161.0,0.9980302784602049
descent,level03,diag,176,nbs,2798028,2811854.0,0.9950829594993197
descent,level03,nodiag,176,nbs,2597988,2607522.0,0.9963436550103891
descent,level03,diag,272,nbs,1961752,1976414.0,0.9925815137921509
descent,level03,diag,418,nbs,1421668,1426592.0,0.9965484174872704
descent,level03,nodiag,469,nbs,3631116,3635400.0,0.998821587720746
descent,level05,diag,23,nbs,2388692,2624581.0,0.9101231777567543
descent,level05,diag,33,nbs,2601302,2662487.0,0.9770196061051191
descent,level05,nodiag,55,nbs,3658854,3660862.0,0.9994514953035651
descent,level05,diag,60,nbs,2390552,2565534.0,0.9317950960696681
descent,level05,diag,68,nbs,3404656,3514585.0,0.9687220539551611
descent,level05,diag,91,nbs,2828794,2861155.0,0.9886895327236728
descent,level05,nodiag,91,nbs,2915330,2924551.0,0.9968470373742842
descent,level05,diag,102,nbs,3284174,3292202.0,0.9975615105026969
descent,level05,diag,119,nbs,2236484,3310397.0,0.6755938940253994
descent,level05,diag,146,nbs,2927178,2950931.0,0.9919506759053329
descent,level05,diag,241,nbs,4915452,4958003.0,0.9914177139465224
descent,level05,diag,271,nbs,2650924,3064041.0,0.8651724960599417
descent,level05,nodiag,271,nbs,3322846,3331269.0,0.9974715341210811
descent,level05,diag,293,nbs,2072290,2667490.0,0.7768688917296784
descent,level05,diag,310,nbs,2069480,2647049.0,0.7818064569261846
descent,level05,diag,323,nbs,2088740,2183750.0,0.9564922724670865
descent,level05,diag,325,nbs,1918542,2323631.0,0.8256655209024152
descent,level05,nodiag,325,nbs,1878448,1882860.0,0.9976567562112956
descent,level05,diag,339,nbs,3331060,3332232.0,0.9996482837929652
descent,level05,nodiag,340,nbs,2536118,2538360.0,0.9991167525488899
descent,level05,diag,347,nbs,3684926,3786576.0,0.9731551670955502
descent,level05,diag,353,nbs,2244650,2984068.0,0.752211410731927
descent,level05,nodiag,356,nbs,4364910,4768033.0,0.9154529761014657
descent,level05,nodiag,358,nbs,2959128,2964596.0,0.9981555665594908
descent,level05,diag,415,nbs,3208248,3333322.0,0.9624776724240862
descent,level05,diag,445,nbs,1986142,2363924.0,0.8401886016640129
descent,level05,diag,477,nbs,4882538,4931688.0,0.9900338383125615
descent,level05,diag,493,nbs,2923204,2930478.0,0.9975178110874745
descent,level06,nodiag,193,nbs,2206800,2242016.0,0.9842927079913791
descent,level06,diag,196,nbs,2436216,2487294.0,0.9794644300191292
descent,level06,diag,212,nbs,2600280,2610217.0,0.9961930368241414
descent,level06,diag,214,nbs,2479730,2521531.0,0.9834223731534532
descent,level06,diag,306,nbs,1955066,2029454.0,0.9633458063104657
descent,level06,diag,359,nbs,2246072,2280677.0,0.9848268737747607
descent,level06,diag,397,nbs,1999176,2039310.0,0.9803198140547538
descent,level06,nodiag,398,nbs,2089110,2143982.0,0.9744065015471212
descent,level06,diag,421,nbs,2607156,2608385.0,0.9995288272245086
descent,level12,diag,71,nbs,1106564,1325859.0,0.8346015677383493
descent,level12,diag,86,nbs,2235758,2272186.0,0.983967861785963
descent,level12,diag,115,nbs,3148528,3158994.0,0.9966869199498322
descent,level12,diag,195,nbs,1637500,1680649.0,0.9743259895433253
descent,level12,diag,216,nbs,2741740,2936298.0,0.9337403764876726
descent,level12,diag,232,nbs,2472076,2843681.0,0.8693225435623757
descent,level12,diag,252,nbs,3311738,3333592.0,0.9934443087216432
descent,level12,nodiag,266,nbs,6861014,6861576.0,0.9999180946184958
descent,level12,diag,399,nbs,1647266,1742140.0,0.9455416901052728
descent,level12,diag,436,nbs,4665322,4690430.0,0.9946469726656192
descent,level12,nodiag,436,nbs,5346924,5354993.0,0.998493181970546
descent,level14,nodiag,8,nbs,2203472,2643304.0,0.8336052152911659
descent,level14,nodiag,35,nbs,5220746,5340126.0,0.9776447222406363
descent,level14,nodiag,84,nbs,5195264,5223998.0,0.9944996150457944
descent,level14,nodiag,97,nbs,5200596,5257133.0,0.9892456591834371
descent,level14,diag,102,nbs,6421182,6430427.0,0.998562303871889
descent,level14,nodiag,141,nbs,5191468,5361029.0,0.9683715570275782
descent,level14,nodiag,163,nbs,5103712,5171792.0,0.9868362842125128
descent,level14,nodiag,233,nbs,1471418,1491674.0,0.9864206254181543
descent,level14,nodiag,235,nbs,4806308,5346297.0,0.8989975678492983
descent,level14,nodiag,327,nbs,4777850,5609575.0,0.8517311917569513
descent,level14,nodiag,371,nbs,5205786,5491915.0,0.9478999583933837
descent,level14,diag,406,nbs,6496038,6505993.0,0.998469872316186
descent,level14,nodiag,483,nbs,4901656,5928768.0,0.8267579368934659
descent,level14,nodiag,493,nbs,5226244,5556756.0,0.9405206922888102
descent,level17,diag,127,nbs,4297486,4355794.0,0.9866136920157381
descent,level17,diag,182,nbs,3479176,3713432.0,0.9369165774410303
descent,level17,diag,311,nbs,3555356,3561034.0,0.9984055192958
descent,level17,nodiag,389,nbs,721760,739197.0,0.9764108891134569
descent,level17,diag,399,nbs,3387648,3599249.0,0.9412096801304939
descent,level17,diag,434,nbs,2421768,2506041.0,0.9663720585577011
descent,level17,diag,443,nbs,3370364,3456907.0,0.9749651928732824
descent,level19,nodiag,140,nbs,1431142,1465306.0,0.9766847334276936
descent,level21,nodiag,53,nbs,4032070,4036782.0,0.9988327335981978
descent,level21,diag,120,nbs,3813608,3821053.0,0.9980515842099024
descent,level21,diag,148,nbs,3870568,3875999.0,0.9985988128479909
descent,level21,diag,161,nbs,3682008,3683346.0,0.9996367433306564
descent,level21,diag,182,nbs,3864354,3870004.0,0.9985400531885755
descent,level21,diag,293,nbs,3679424,3680499.0,0.9997079200401902
descent,level21,diag,337,nbs,3861644,3867668.0,0.9984424723114808
descent,level21,diag,346,nbs,3855718,3862006.0,0.998371830597881
descent,level21,diag,355,nbs,3719506,3723829.0,0.9988390981433358
descent,level21,diag,397,nbs,3866790,3872515.0,0.9985216325824432
descent,level21,diag,422,nbs,3872144,3877306.0,0.998668663241952
descent,level21,nodiag,422,nbs,3862328,3863954.0,0.9995791875369117
descent,level21,diag,453,nbs,3694410,3696877.0,0.9993326799890827
descent,level24,diag,168,nbs,2739980,2748452.0,0.9969175375811548
descent,level24,nodiag,328,nbs,3598140,3599143.0,0.9997213225481733
descent,level25,diag,28,nbs,5892138,5898926.0,0.9988492820557505
descent,level25,diag,58,nbs,5936266,5956178.0,0.9966569165662947
descent,level25,diag,65,nbs,5654330,5744234.0,0.9843488270150554
descent,level25,diag,70,nbs,5892460,5898050.0,0.9990522291265758
descent,level25,diag,81,nbs,5825452,5896696.0,0.9879179798314175
descent,level25,diag,82,nbs,6343138,6371300.0,0.9955798659614208
descent,level25,diag,132,nbs,6369050,6397186.0,0.9956018161735488
descent,level25,diag,150,nbs,5802484,5880727.0,0.9866950123683688
descent,level25,diag,200,nbs,6761440,6769314.0,0.9988368097564982
descent,level25,diag,201,nbs,5738572,5886657.0,0.974843956425523
descent,level25,nodiag,253,nbs,3711400,3718180.0,0.9981765272256857
descent,level25,diag,401,nbs,6122178,6149668.0,0.9955298399848577
descent,levels1,diag,9,nbs,3031744,6712701.0,0.4516429377682694
descent,levels1,diag,24,nbs,2448592,4265510.0,0.5740443698408866
descent,levels1,diag,26,nbs,3354274,4380912.0,0.7656565573560938
descent,levels1,diag,30,nbs,2853074,4728037.0,0.6034373250463142
descent,levels1,diag,39,nbs,3514436,8440584.0,0.4163735589859659
descent,levels1,diag,44,nbs,3310648,6031437.0,0.5488987118658456
descent,levels1,diag,128,nbs,2746050,6131042.0,0.4478928704125661
descent,levels1,diag,133,nbs,3422678,6136489.0,0.5577583533515663
descent,levels1,diag,135,nbs,2541940,4501057.0,0.5647429037223923
descent,levels1,diag,166,nbs,2913292,6972401.0,0.4178319634800121
descent,levels1,diag,178,nbs,3167818,6702596.0,0.4726255319580652
descent,levels1,diag,190,nbs,2467758,4121146.0,0.5988038278672971
descent,levels1,diag,281,nbs,2293780,4477749.0,0.5122618529980131
descent,levels1,diag,290,nbs,3498514,9290221.0,0.37658027726143434
descent,levels1,diag,305,nbs,3030072,7455162.0,0.4064394576536365
descent,levels1,diag,330,nbs,2130878,5229377.0,0.4074821914732864
descent,levels1,diag,340,nbs,2931212,6186531.0,0.47380543312560786
descent,levels1,diag,344,nbs,3233330,6562975.0,0.49266224539938064
descent,levels1,diag,352,nbs,1749808,4500811.0,0.38877615611941935
descent,levels1,diag,364,nbs,2766652,4448721.0,0.6218982939141384
descent,levels1,diag,389,nbs,2714688,4326625.0,0.6274377834917516
descent,levels1,diag,413,nbs,3364072,7531592.0,0.4466614760863308
descent,levels1,diag,456,nbs,2368178,3919840.0,0.6041517000693906
descent,levels1,diag,473,nbs,2864810,4116360.0,0.6959571077359609
descent,levels3,diag,6,nbs,2618232,2624104.0,0.9977622838119221
descent,levels3,nodiag,6,nbs,2298504,2303232.0,0.9979472324108036
descent,levels3,nodiag,33,nbs,2664708,2669468.0,0.99821687317473
descent,levels3,nodiag,51,nbs,2765842,2766077.0,0.9999150421336789
descent,levels3,nodiag,76,nbs,2688060,2693963.0,0.9978088043525468
descent,levels3,diag,85,nbs,2915560,2925292.0,0.9966731526288658
descent,levels3,diag,121,nbs,2519330,2527043.0,0.9969478160838577
descent,levels3,nodiag,121,nbs,2313334,2317084.0,0.998381586511322
descent,levels3,nodiag,145,nbs,2679546,2682192.0,0.9990134934411854
descent,levels3,nodiag,218,nbs,3034263,3035082.0,0.9997301555608712
descent,levels3,diag,265,nbs,2829868,2841312.0,0.9959722832269037
descent,levels3,diag,304,nbs,3379862,3390691.0,0.9968062557160178
descent,levels3,diag,308,nbs,2929704,2941022.0,0.9961516778861226
descent,levels3,nodiag,308,nbs,2571292,2581991.0,0.9958562984921326
descent,levels3,nodiag,438,nbs,2485656,2487628.0,0.9992072769722804
descent,levels3,nodiag,460,nbs,2460656,2464839.0,0.9983029317533518
descent,levels3,nodiag,478,nbs,2702174,2704871.0,0.999002909935446
descent,levels3,diag,480,nbs,2855804,2864817.0,0.9968539002665789
descent,levels3,nodiag,491,nbs,2385818,2388022.0,0.9990770604290915
industrial-plants,plant01,diag,860,nbs,12588,12845.0,0.9799922148695991
industrial-plants,plant02,diag,709,nbs,98078,98522.0,0.995493392338767
industrial-plants,plant02,diag,1377,nbs,107330,107736.0,0.9962315289225514
industrial-plants,plant04,diag,982,nbs,3551668,3670200.0,0.9677042123045065
sandstone,Berea,nodiag,142,nbs,818972,819387.0,0.999493523817195
sandstone,Berea,nodiag,227,nbs,834036,836715.0,0.9967981929330776
sandstone,Kirby,nodiag,16,nbs,393690,393859.0,0.9995709124331297
